Destino,Actividad_Triviantes,Precio_Triviantes,Actividad_Civitatis,Precio_Civitatis,Similitud_%,Url_Match,Cantidad_Viajeros
Bahía Solano,Tour privado: Avistamiento de Ballenas en Bahía Solano,$2.200.000,Avistamiento de ballenas en Bahía Solano,250.000 COP,87.71,https://www.civitatis.com/es/bahia-solano/,55 viajeros
Salento,Excursión a Salento y Valle de Cocora desde Salento,$200.000,Tour por Salento y Valle de Cocora,283.000 COP,84.15,https://www.civitatis.com/es/filandia/,843 viajeros
Valle de Cocora,Excursión a Salento y Valle de Cocora desde Salento,$200.000,Tour por Salento y Valle de Cocora,283.000 COP,84.15,https://www.civitatis.com/es/filandia/,843 viajeros
Pereira,Excursión a Salento y Valle de Cocora desde Salento,$200.000,Tour por Salento y Valle de Cocora,283.000 COP,84.15,https://www.civitatis.com/es/filandia/,843 viajeros
Bahía Solano,Avistamiento de ballenas en Bahía Málaga desde Manizales.,$650.000,Avistamiento de ballenas en bahía Málaga,624.000 COP,83.57,https://www.civitatis.com/es/cali/,162 viajeros
Bahía Solano,Tour corto de Avistamiento de Ballenas en Bahía Solano Colombia,$205.000,Avistamiento de ballenas en Bahía Solano,250.000 COP,82.97,https://www.civitatis.com/es/bahia-solano/,55 viajeros
Bogotá,Excursión Privada a la Catedral de Sal de Zipaquirá desde Bogotá.,$230.000,Excursión a la Catedral de Sal de Zipaquirá,179.000 COP,82.4,https://www.civitatis.com/es/bogota/,16.766 viajeros
Zipaquirá,Excursión Privada a la Catedral de Sal de Zipaquirá desde Bogotá.,$230.000,Excursión a la Catedral de Sal de Zipaquirá,179.000 COP,82.4,https://www.civitatis.com/es/bogota/,16.766 viajeros
Valle de Cocora,Senderismo de Un Día en el Valle de Cocora + Tour del Café,$330.000,Senderismo por el Valle de Cocora,326.000 COP,79.54,https://www.civitatis.com/es/filandia/,663 viajeros
Salento,Senderismo de Un Día en el Valle de Cocora + Tour del Café,$330.000,Senderismo por el Valle de Cocora,326.000 COP,79.54,https://www.civitatis.com/es/filandia/,663 viajeros
Zipaquirá,Excursión Grupal a la Catedral de Sal de Zipaquirá desde Bogotá.,$114.000,Excursión a la Catedral de Sal de Zipaquirá,179.000 COP,79.04,https://www.civitatis.com/es/bogota/,16.766 viajeros
Bogotá,Excursión Grupal a la Catedral de Sal de Zipaquirá desde Bogotá.,$114.000,Excursión a la Catedral de Sal de Zipaquirá,179.000 COP,79.04,https://www.civitatis.com/es/bogota/,16.766 viajeros
Villa de Leyva,Tour de un día a Ráquira y Villa de Leyva desde Bogotá,$230.000,Tour por Villa de Leyva y Ráquira,385.000 COP,78.88,https://www.civitatis.com/es/villa-de-leyva/,
Pereira,Excursión de un día al Nevado Santa Isabel desde Pereira,$400.000,Excursión al Nevado de Santa Isabel,546.423 COP,78.48,https://www.civitatis.com/es/manizales/,9 viajeros
Pereira,Excursión de un día al Nevado Santa Isabel desde Pereira,$400.000,Excursión al Nevado de Santa Isabel,546.423 COP,78.48,https://www.civitatis.com/es/manizales/,9 viajeros
Salento,"Tour privado por Salento, Valle de Cocora y Filandia",$789.000,"Excursión privada al Valle de Cocora, Salento y Filandia",2.120.000 COP,78.3,https://www.civitatis.com/es/manizales/,39 viajeros
Valle de Cocora,"Tour privado por Salento, Valle de Cocora y Filandia",$789.000,"Excursión privada al Valle de Cocora, Salento y Filandia",2.120.000 COP,78.3,https://www.civitatis.com/es/manizales/,39 viajeros
Cartagena,Excursión de 1 día a San Basilio de Palenque desde Cartagena.,$385.000,Excursión a San Basilio de Palenque,379.900 COP,78.28,https://www.civitatis.com/es/cartagena-de-indias/,391 viajeros
Mesetas,"Cascada la Encantada y Tubing por el Cañón del Río Cafre desde Mesetas, Meta",$230.000,Excursión a la cascada La Encantada + Tubing en el cañón del río Cafre,546.000 COP,77.3,https://www.civitatis.com/es/villavicencio/,2 viajeros
Manizales,Excursión de un día al Nevado Santa Isabel desde Manizales,$400.000,Excursión al Nevado de Santa Isabel,546.423 COP,76.68,https://www.civitatis.com/es/manizales/,9 viajeros
Bahía Solano,"Tour completo de Avistamiento de Ballenas en Bahía Solano, Colombia",$295.000,Avistamiento de ballenas en Bahía Solano,250.000 COP,75.35,https://www.civitatis.com/es/bahia-solano/,55 viajeros
Cartagena,Excursión de un día a Isla Múcura desde Cartagena,$498.000,Excursión a la Isla Múcura,390.000 COP,75.35,https://www.civitatis.com/es/cartagena-de-indias/,146 viajeros
La Tatacoa,Excursión Terrestre al Desierto de la Tatacoa desde Cali,$640.000,Excursión al Desierto de la Tatacoa,363.000 COP,75.31,https://www.civitatis.com/es/neiva/,225 viajeros
Cali,Excursión Terrestre al Desierto de la Tatacoa desde Cali,$640.000,Excursión al Desierto de la Tatacoa,363.000 COP,75.31,https://www.civitatis.com/es/neiva/,225 viajeros
Mesetas,"Rafting por el Cañón del Río Güejar desde Mesetas, Meta",$250.000,Rafting en el cañón del río Güejar,780.000 COP,74.32,https://www.civitatis.com/es/bogota/,1 viajero
Bogotá,Excursión a la Laguna de Guatavita y Catedral de Sal de Zipaquirá desde Bogotá.,$300.000,Excursión a la Catedral de Sal de Zipaquirá,179.000 COP,74.26,https://www.civitatis.com/es/bogota/,16.766 viajeros
Zipaquirá,Excursión a la Laguna de Guatavita y Catedral de Sal de Zipaquirá desde Bogotá.,$300.000,Excursión a la Catedral de Sal de Zipaquirá,179.000 COP,74.26,https://www.civitatis.com/es/bogota/,16.766 viajeros
Laguna de Guatavita,Excursión a la Laguna de Guatavita y Catedral de Sal de Zipaquirá desde Bogotá.,$300.000,Excursión a la Catedral de Sal de Zipaquirá,179.000 COP,74.26,https://www.civitatis.com/es/bogota/,16.766 viajeros
Riohacha,Tour de Un Día al Cabo de La Vela desde Riohacha,$460.000,"Tour de 4 días por Santa Marta, Cabo de la Vela y Riohacha",1.490.000 COP,74.18,https://www.civitatis.com/es/santa-marta/,3 viajeros
Zipaquirá,Excursión a la Catedral de Sal de Zipaquirá y a Monserrate en la ciudad de Bogotá.,$480.000,Excursión a la Catedral de Sal de Zipaquirá,179.000 COP,73.32,https://www.civitatis.com/es/bogota/,16.766 viajeros
Bogotá,Excursión de 1 día a la Mina Sal de Nemocón desde la ciudad de Bogotá.,$138.000,Excursión a la mina de sal de Nemocón,300.000 COP,73.27,https://www.civitatis.com/es/bogota/,242 viajeros
Nemocón,Excursión de 1 día a la Mina Sal de Nemocón desde la ciudad de Bogotá.,$138.000,Excursión a la mina de sal de Nemocón,300.000 COP,73.27,https://www.civitatis.com/es/bogota/,242 viajeros
Nemocón,Excursión de 1 día a la Mina de sal de Nemocón y Catedral de Sal de Zipaquirá desde Bogotá.,$300.000,Excursión a la Catedral de Sal de Zipaquirá,179.000 COP,73.26,https://www.civitatis.com/es/bogota/,16.766 viajeros
Zipaquirá,Excursión de 1 día a la Mina de sal de Nemocón y Catedral de Sal de Zipaquirá desde Bogotá.,$300.000,Excursión a la Catedral de Sal de Zipaquirá,179.000 COP,73.26,https://www.civitatis.com/es/bogota/,16.766 viajeros
Jardín,"Senderismo veredas La Herrera y Serranías en Jardín, Antioquia",$100.000,Excursión a las veredas La Herrera y Serranías,100.000 COP,72.79,https://www.civitatis.com/es/jardin/,3 viajeros
La Tatacoa,Desierto de la Tatacoa desde Manizales,$400.000,Excursión al Desierto de la Tatacoa,363.000 COP,72.65,https://www.civitatis.com/es/neiva/,225 viajeros
Pereira,Excursión de dos días al Nevado Santa Isabel e intento de cima,$1.200.000,Excursión al Nevado de Santa Isabel,546.423 COP,72.06,https://www.civitatis.com/es/manizales/,9 viajeros
Manizales,Excursión de dos días al Nevado Santa Isabel e intento de cima,$1.200.000,Excursión al Nevado de Santa Isabel,546.423 COP,72.06,https://www.civitatis.com/es/manizales/,9 viajeros
Cartagena,Excursión en bus a Playa Blanca desde Cartagena,$120.000,Excursión a Playa Blanca,291.900 COP,71.94,https://www.civitatis.com/es/cartagena-de-indias/,2.959 viajeros
Medellín,Tour de un día a Santa Fe de Antioquia desde Medellín,$157.000,Excursión a Santa Fe de Antioquia,156.000 COP,70.59,https://www.civitatis.com/es/medellin/,4.305 viajeros
Salento,"Tour grupal por Salento, Valle de Cocora y Filandia",$578.000,"Excursión a Filandia, Salento y Valle de Cocora",576.000 COP,69.68,https://www.civitatis.com/es/pereira/,1.532 viajeros
Valle de Cocora,"Tour grupal por Salento, Valle de Cocora y Filandia",$578.000,"Excursión a Filandia, Salento y Valle de Cocora",576.000 COP,69.68,https://www.civitatis.com/es/pereira/,1.532 viajeros
Villa de Leyva,Taller de Barro en Ráquira Saliendo de Villa de Leyva,$64.000,Tour por Villa de Leyva y Ráquira,385.000 COP,69.43,https://www.civitatis.com/es/villa-de-leyva/,
Pereira,Excursión al Santuario de Fauna y Flora Otún Quimbaya,$420.000,Senderismo por el Santuario Otún Quimbaya,515.000 COP,69.21,https://www.civitatis.com/es/manizales/,4 viajeros
Jardín,Excursión de 1 día a Jardín desde Medellín,$152.000,Excursión a Jardín,174.000 COP,69.2,https://www.civitatis.com/es/medellin/,621 viajeros
Medellín,Excursión de 1 día a Jardín desde Medellín,$152.000,Excursión a Jardín,174.000 COP,69.2,https://www.civitatis.com/es/medellin/,621 viajeros
Mesetas,"Rafting por el Cañón del Río Güejar desde Villavicencio, Meta",$330.000,Rafting en el cañón del río Güejar,780.000 COP,68.77,https://www.civitatis.com/es/bogota/,1 viajero
Villa de Leyva,Boyacá + Catedral de Sal de Zipaquirá desde Manizales,$760.000,Excursión a la Catedral de Sal de Zipaquirá,179.000 COP,68.56,https://www.civitatis.com/es/bogota/,16.766 viajeros
Cartagena,Tour a las Islas del Rosario y Playa Blanca desde Cartagena,$180.000,Excursión a Cartagena e Islas del Rosario,669.060 COP,68.47,https://www.civitatis.com/es/barranquilla/,26 viajeros
Cartagena,Tour de un día al Parque Tayrona desde Cartagena,$498.000,Excursión al Parque Tayrona,512.325 COP,68.31,https://www.civitatis.com/es/cartagena-de-indias/,956 viajeros
Zipaquirá,Entrada Oficial Catedral De Sal de Zipaquirá – Pasaporte Básico,$49.500,Entrada a la Catedral de Sal de Zipaquirá,70.000 COP,67.5,https://www.civitatis.com/es/sesquile/,1.186 viajeros
Mesetas,"Rafting en el Cañón del Río Güejar y tubing en el río Cafre, con visita a la cascada La Encantada, sin hospedaje",$460.000,Excursión a la cascada La Encantada + Tubing en el cañón del río Cafre,546.000 COP,66.82,https://www.civitatis.com/es/villavicencio/,2 viajeros
Santa Marta,Tour de 5 días a Ciudad Perdida desde Santa Marta,$2.150.000,Trekking de 4 o 5 días por la Ciudad Perdida,1.860.000 COP,66.26,https://www.civitatis.com/es/santa-marta/,527 viajeros
Nemocón,Excursión privada de 1 día a la Laguna de Guatavita y Mina de Sal de Nemocón desde Bogotá.,$430.000,Excursión a la mina de sal de Nemocón,300.000 COP,66.18,https://www.civitatis.com/es/bogota/,242 viajeros
Laguna de Guatavita,Excursión privada de 1 día a la Laguna de Guatavita y Mina de Sal de Nemocón desde Bogotá.,$430.000,Excursión a la mina de sal de Nemocón,300.000 COP,66.18,https://www.civitatis.com/es/bogota/,242 viajeros
Santa Marta,Tour de 4 días a Ciudad Perdida desde Santa Marta,$1.860.000,Trekking de 4 o 5 días por la Ciudad Perdida,1.860.000 COP,66.11,https://www.civitatis.com/es/santa-marta/,527 viajeros
Buenavista,"Vuelo en Parapente de 15 minutos en Buenavista, Quindío",$140.000,Vuelo en parapente por el Quindío,180.000 COP,65.99,https://www.civitatis.com/es/buenavista/,92 viajeros
Medellín,Graffiti Tour Comuna 13 Medellín,$253.000,Tour del grafiti por la Comuna 13 + Metrocable de Medellín,120.000 COP,64.86,https://www.civitatis.com/es/medellin/,1.618 viajeros
Bogotá,City Tour Diurno o Nocturno en Bogotá. 4 horas.,$98.000,Tour nocturno por Bogotá,330.000 COP,62.96,https://www.civitatis.com/es/bogota/,388 viajeros
La Tatacoa,Tour al Desierto de la Tatacoa y Mano del Gigante desde Bogotá,$785.000,Excursión al Desierto de la Tatacoa,363.000 COP,62.85,https://www.civitatis.com/es/neiva/,225 viajeros
Zipaquirá,Catedral de Sal de Zipaquirá + City Tour con visita a Monserrate en la ciudad de Bogotá,$480.000,Excursión a la Catedral de Sal de Zipaquirá,179.000 COP,62.34,https://www.civitatis.com/es/bogota/,16.766 viajeros
Mesetas,"Rafting por el Cañón del Río Güejar Con Una Noche de Hospedaje en Mesetas, Meta",$330.000,Rafting en el cañón del río Güejar,780.000 COP,61.42,https://www.civitatis.com/es/bogota/,1 viajero
Puerto Triunfo,Tour de 2 días a la Hacienda Nápoles + Santorini + Rio Claro,$540.000,Excursión a la Hacienda Nápoles,289.000 COP,61.41,https://www.civitatis.com/es/medellin/,12.826 viajeros
Medellín,Tour de 2 días a la Hacienda Nápoles + Santorini + Rio Claro,$540.000,Excursión a la Hacienda Nápoles,289.000 COP,61.41,https://www.civitatis.com/es/medellin/,12.826 viajeros
Guatapé,Tour Privado de 1 día a Guatapé desde Medellín,$206.000,Excursión privada desde Medellín,1.070.000 COP,61.35,https://www.civitatis.com/es/medellin/,310 viajeros
Salento,Excursión a Salento y Valle de Cocora desde la ciudad de Pereira.,$200.000,Tour por Salento y Valle de Cocora,283.000 COP,61.33,https://www.civitatis.com/es/filandia/,843 viajeros
Valle de Cocora,Excursión a Salento y Valle de Cocora desde la ciudad de Pereira.,$200.000,Tour por Salento y Valle de Cocora,283.000 COP,61.33,https://www.civitatis.com/es/filandia/,843 viajeros
Pereira,Excursión a Salento y Valle de Cocora desde la ciudad de Pereira.,$200.000,Tour por Salento y Valle de Cocora,283.000 COP,61.33,https://www.civitatis.com/es/filandia/,843 viajeros
Santa Marta,Excursión Terrestre al Parque Tayrona: Playa Cristal,$161.000,Excursión al Parque Tayrona,512.325 COP,60.31,https://www.civitatis.com/es/cartagena-de-indias/,956 viajeros
Villa de Leyva,Excursión Privada de 1 día a Villa de Leyva desde la ciudad de Bogotá.,$340.000,Excursión a Villa de Leyva,440.000 COP,60.25,https://www.civitatis.com/es/bogota/,745 viajeros
Bogotá,Excursión Privada de 1 día a Villa de Leyva desde la ciudad de Bogotá.,$340.000,Excursión a Villa de Leyva,440.000 COP,60.25,https://www.civitatis.com/es/bogota/,745 viajeros
Villa de Leyva,Cabalgata de Dos Horas por el Desierto de Villa de Leyva,$104.000,Tour en quad por el desierto de Villa de Leyva,203.000 COP,60.18,https://www.civitatis.com/es/villa-de-leyva/,84 viajeros
Pereira,Excursión de un día al Nevado del Ruiz desde Pereira,$390.000,Excursión al volcán Nevado del Ruiz,487.880 COP,60.14,https://www.civitatis.com/es/manizales/,213 viajeros
Jardín,Tour de 1 día a la Cueva del Esplendor saliendo desde Medellín,$195.000,Tour por la Reserva Natural Cueva del Esplendor,120.000 COP,59.96,https://www.civitatis.com/es/jardin/,136 viajeros
Medellín,Tour de 1 día a la Cueva del Esplendor saliendo desde Medellín,$195.000,Tour por la Reserva Natural Cueva del Esplendor,120.000 COP,59.96,https://www.civitatis.com/es/jardin/,136 viajeros
Laguna de Guatavita,Excursión Privada de 1 día a la Laguna de Guatavita desde Bogotá.,$132.000,Excursión privada desde Bogotá,1.612.000 COP,59.86,https://www.civitatis.com/es/bogota/,439 viajeros
Bogotá,Excursión Privada de 1 día a la Laguna de Guatavita desde Bogotá.,$132.000,Excursión privada desde Bogotá,1.612.000 COP,59.86,https://www.civitatis.com/es/bogota/,439 viajeros
Santa Rosa de Cabal,Pasadía Termales de Santa Rosa desde Manizales,$185.000,Excursión a los Termales Santa Rosa de Cabal,327.000 COP,59.64,https://www.civitatis.com/es/pereira/,76 viajeros
Manizales,Excursión de un día al Nevado del Ruiz desde Manizales,$350.000,Excursión al volcán Nevado del Ruiz,487.880 COP,59.34,https://www.civitatis.com/es/manizales/,213 viajeros
Mesetas,Rafting por el Cañón del Río Güejar+Senderismo+Tubing en el Río Cafre. Más hospedaje,$820.000,Rafting en el cañón del río Güejar,780.000 COP,59.22,https://www.civitatis.com/es/bogota/,1 viajero
Manizales,Excursión privada de un día al Nevado del Ruiz desde Manizales,$750.000,Tour privado por Manizales,680.000 COP,58.68,https://www.civitatis.com/es/manizales/,38 viajeros
Amazonas,Pasadía al Mundo Amazónico con Selva en el Amazonas,$140.000,Excursión a la selva amazónica,240.000 COP,58.4,https://www.civitatis.com/es/leticia/,26 viajeros
Leticia,Pasadía al Mundo Amazónico con Selva en el Amazonas,$140.000,Excursión a la selva amazónica,240.000 COP,58.4,https://www.civitatis.com/es/leticia/,26 viajeros
Santa Marta,Excursión Marítima al Parque Tayrona: Bahía Concha,$180.000,Excursión al Parque Tayrona,512.325 COP,57.85,https://www.civitatis.com/es/cartagena-de-indias/,956 viajeros
Bogotá,Tour de Graffiti en la ciudad de Bogotá,$120.000,Free tour del grafiti por Bogotá,¡Gratis!,57.59,https://www.civitatis.com/es/bogota/,10.794 viajeros
Valle de Cocora,Walking Tour Económico por Salento y Valle de Cocora – COMPARTIDO,$283.000,Tour por Salento y Valle de Cocora,283.000 COP,57.44,https://www.civitatis.com/es/filandia/,843 viajeros
Pereira,Excursión privada de un día al Nevado del Ruiz desde Pereira,$850.000,Excursión al volcán Nevado del Ruiz,487.880 COP,57.26,https://www.civitatis.com/es/manizales/,213 viajeros
Mesetas,"Rafting por el Cañón del Río Güejar, y Circuito de Telares de Cristal. 2 días.",$550.000,Rafting en el cañón del río Güejar,780.000 COP,57.01,https://www.civitatis.com/es/bogota/,1 viajero
Bogotá,Excursión Grupal de 1 día a Villa de Leyva desde la ciudad de Bogotá.,$145.000,Excursión a Villa de Leyva,440.000 COP,56.98,https://www.civitatis.com/es/bogota/,745 viajeros
Villa de Leyva,Excursión Grupal de 1 día a Villa de Leyva desde la ciudad de Bogotá.,$145.000,Excursión a Villa de Leyva,440.000 COP,56.98,https://www.civitatis.com/es/bogota/,745 viajeros
Calarcá,Ruta Experiencial de Café Hacienda Combia,$207.000,Visita a la Hacienda Combia,205.000 COP,56.12,https://www.civitatis.com/es/armenia-colombia/,156 viajeros
Mesetas,"Rafting por el Cañón del Río Güejar + Tubbing Rio Cafre + 1 Noche de Hospedaje desde Mesetas, Meta",$520.000,Rafting en el cañón del río Güejar,780.000 COP,56.06,https://www.civitatis.com/es/bogota/,1 viajero
Puerto Triunfo,Tour de 1 día a la Hacienda Nápoles desde Medellín. Pasaporte Aventura.,$238.000,Excursión a la Hacienda Nápoles,289.000 COP,55.88,https://www.civitatis.com/es/medellin/,12.826 viajeros
Bogotá,Tour por Monserrate en la ciudad de Bogotá.,$135.000,Free tour por el cerro de Monserrate,¡Gratis!,54.87,https://www.civitatis.com/es/bogota/,16.987 viajeros
Puerto Triunfo,Tour de 1 día a la Hacienda Nápoles desde Medellín. Pasaporte Safari.,$269.000,Excursión a la Hacienda Nápoles,289.000 COP,54.72,https://www.civitatis.com/es/medellin/,12.826 viajeros
Medellín,Tour de 1 día a la Hacienda Nápoles desde Medellín. Pasaporte Safari.,$269.000,Excursión a la Hacienda Nápoles,289.000 COP,54.72,https://www.civitatis.com/es/medellin/,12.826 viajeros
Manizales,Excursión de un día al Volcán Cerro Bravo + Termales El Otoño,$370.000,Excursión al volcán Cerro Machín + Termales La Florida,324.000 COP,54.25,https://www.civitatis.com/es/ibague/,10 viajeros
Leticia,Pasadía Parque Mundo Amazónico: Avistamiento de Aves,$100.000,Avistamiento de aves en Cali,320.000 COP,52.94,https://www.civitatis.com/es/cali/,18 viajeros
Amazonas,Pasadía Parque Mundo Amazónico: Avistamiento de Aves,$100.000,Avistamiento de aves en Cali,320.000 COP,52.94,https://www.civitatis.com/es/cali/,18 viajeros
Mesetas,"Tubing por Cañón del Río Guape desde Mesetas, Meta",$400.000,Tubing en el cañón del río Güape,506.100 COP,52.94,https://www.civitatis.com/es/villavicencio/,7 viajeros
Mesetas,"Tubing por el Cañón del Río Cafre desde Mesetas, Meta",$180.000,Excursión a la cascada La Encantada + Tubing en el cañón del río Cafre,546.000 COP,52.18,https://www.civitatis.com/es/villavicencio/,2 viajeros
Salento,City Tour Privado por Salento con Intérprete Local,$388.000,Tour privado por Salento,250.000 COP,51.55,https://www.civitatis.com/es/calarca/,51 viajeros
Montenegro,Pasadía Parque del Café desde Manizales,$225.000,Excursión al Parque del Café,400.000 COP,50.41,https://www.civitatis.com/es/cali/,185 viajeros
Jardín,"Tour Urbano en Jardín, Antioquia",$115.000,Tour del café por Antioquia,249.000 COP,50.33,https://www.civitatis.com/es/medellin/,2.276 viajeros
Santander,Pasadía al Manto de la Virgen y Cañón de la Hondura,$119.000,Senderismo por la cascada Manto de la Virgen,390.000 COP,50.13,https://www.civitatis.com/es/cali/,10 viajeros
Gambita,Pasadía al Manto de la Virgen y Cañón de la Hondura,$119.000,Senderismo por la cascada Manto de la Virgen,390.000 COP,50.13,https://www.civitatis.com/es/cali/,10 viajeros
Jardín,"Tour Panorámico en Jeep por Jardín, Antioquia",$198.000,Tour panorámico por Cali,287.500 COP,50.04,https://www.civitatis.com/es/cali/,319 viajeros
Cartagena,"Tour Islas del Rosario: Isla Grande, Cholón, Agua Azul, Playa Tranquila y Plancton Luminoso",$333.000,Tour del plancton luminoso + Club de playa en Barú,273.000 COP,49.42,https://www.civitatis.com/es/cartagena-de-indias/,1.278 viajeros
Jardín,"Tour de la Abeja en Jardín, Antioquia",$155.000,Tour del café por Antioquia,249.000 COP,49.4,https://www.civitatis.com/es/medellin/,2.276 viajeros
Villa de Leyva,"Taller de Barro en Ráquira, Boyacá",$26.000,Tour de 4 días por Boyacá,1.115.000 COP,48.67,https://www.civitatis.com/es/bogota/,1 viajero
Pereira,Excursión a Panaca desde Manizales y Pereira,$242.000,Excursión al Parque Panaca,422.085 COP,48.3,https://www.civitatis.com/es/pereira/,4 viajeros
Santa Rosa de Cabal,"Excursión a Termales de Santa Rosa desde Manizales, Villamaría y Chinchiná",$125.000,Excursión a los Termales Santa Rosa de Cabal,327.000 COP,48.23,https://www.civitatis.com/es/pereira/,76 viajeros
Pereira,Excursión de un día a la Laguna del Otún desde Pereira,$310.000,Excursión a la laguna de Tota,300.000 COP,48.22,https://www.civitatis.com/es/bogota/,12 viajeros
Manizales,"Excursión al Parque del Café, Panaca, Salento y Termales de Santa Rosa. 5 días 4 noches",$2.038.950,Excursión a los Termales Santa Rosa de Cabal,327.000 COP,48.12,https://www.civitatis.com/es/pereira/,76 viajeros
Salento,"Excursión al Parque del Café, Panaca, Salento y Termales de Santa Rosa. 5 días 4 noches",$2.038.950,Excursión a los Termales Santa Rosa de Cabal,327.000 COP,48.12,https://www.civitatis.com/es/pereira/,76 viajeros
Pereira,"Excursión al Parque del Café, Panaca, Salento y Termales de Santa Rosa. 5 días 4 noches",$2.038.950,Excursión a los Termales Santa Rosa de Cabal,327.000 COP,48.12,https://www.civitatis.com/es/pereira/,76 viajeros
Manizales,Excursión de 3 días y 2 noches en Manizales,$995.000,Tour privado por Manizales,680.000 COP,47.82,https://www.civitatis.com/es/manizales/,38 viajeros
Guatapé,Visita la Peñol y Guatapé desde Manizales,$200.000,Visita guiada por Guatapé,15.000 COP,47.64,https://www.civitatis.com/es/guatape/,294 viajeros
Villa de Leyva,Tour Guiado al Molino la Primavera y Museo Fósil en Villa de Leyva,$74.000,Excursión al Molino de la Primavera y El Infiernito,120.000 COP,46.85,https://www.civitatis.com/es/villa-de-leyva/,8 viajeros
Medellín,Tour Privado de 1 día al Peñol y Guatapé desde Medellín.,$590.000,Excursión privada desde Medellín,1.070.000 COP,46.56,https://www.civitatis.com/es/medellin/,310 viajeros
Guatapé,Tour Privado de 1 día al Peñol y Guatapé desde Medellín.,$590.000,Excursión privada desde Medellín,1.070.000 COP,46.56,https://www.civitatis.com/es/medellin/,310 viajeros
Cartagena,"Tour Islas del Rosario desde Cartagena: Isla Grande, Cholón, Agua Azul y Playa Tranquila (Barú)",$298.000,Excursión a Cartagena e Islas del Rosario,669.060 COP,45.81,https://www.civitatis.com/es/barranquilla/,26 viajeros
Salento,Intento de Cima del Nevado del Tolima Saliendo desde Salento,$1.391.000,Ruta privada de trekking de 4 días por el Nevado del Tolima,2.260.000 COP,45.17,https://www.civitatis.com/es/salento/,7 viajeros
Jardín,"Senderismo por la Ruta de Los Tres Altos en Jardín, Antioquia",$210.000,Senderismo y tirolina en Los Saltos,600.000 COP,45.15,https://www.civitatis.com/es/medellin/,60 viajeros
Manizales,Avistamiento de Ballenas en Juanchaco y Ladrilleros desde Manizales.,$626.000,Avistamiento de aves y flores en Manizales,134.000 COP,45.12,https://www.civitatis.com/es/manizales/,4 viajeros
Santa Marta,Excursión Oceanario (Centro de Vida Marina) y Playa Blanca Santa Marta – Día Completo con Almuerzo,$144.000,Tour de Santa Marta al completo,300.000 COP,45.11,https://www.civitatis.com/es/santa-marta/,350 viajeros
Medellín,Tour a la Reserva Natural Cañon Del Río Claro desde Medellín,$252.000,Tour por la Reserva Natural Cueva del Esplendor,120.000 COP,44.51,https://www.civitatis.com/es/jardin/,136 viajeros
Bogotá,Excursión Grupal de 1 día a la Laguna de Guatavita desde Bogotá.,$93.000,Excursión a la laguna de Tota,300.000 COP,44.44,https://www.civitatis.com/es/bogota/,12 viajeros
Laguna de Guatavita,Excursión Grupal de 1 día a la Laguna de Guatavita desde Bogotá.,$93.000,Excursión a la laguna de Tota,300.000 COP,44.44,https://www.civitatis.com/es/bogota/,12 viajeros
Cartagena,Tour por Getsemaní: Recorrido Guiado de 2 Horas en Cartagena,$130.000,Free tour por el barrio de Getsemaní,¡Gratis!,44.24,https://www.civitatis.com/es/cartagena-de-indias/,28.455 viajeros
Dosquebradas,Pasaporte al sabor y la aventura en el Parque del Café desde Pereira,$756.000,Excursión al Parque del Café,400.000 COP,43.33,https://www.civitatis.com/es/cali/,185 viajeros
Villa de Leyva,Tour al Parque Gondava y Granja de las Avestruces desde Villa de Leyva,$202.000,Tour de aventura en Villa de Leyva,250.000 COP,43.16,https://www.civitatis.com/es/villa-de-leyva/,46 viajeros
Villa de Leyva,Recorrido de 1 Hora en Cuatrimoto en Villa de Leyva,$115.000,Excursión a Villa de Leyva,440.000 COP,42.14,https://www.civitatis.com/es/bogota/,745 viajeros
Villa de Leyva,"Lunada, Fogata y Citytour en Villa de Leyva",$60.000,Excursión a Villa de Leyva,440.000 COP,41.97,https://www.civitatis.com/es/bogota/,745 viajeros
Salento,"Trekking de un día en el Valle de Cocora, Quindío",$156.000,Senderismo por el Valle de Cocora,326.000 COP,41.76,https://www.civitatis.com/es/filandia/,663 viajeros
Valle de Cocora,"Trekking de un día en el Valle de Cocora, Quindío",$156.000,Senderismo por el Valle de Cocora,326.000 COP,41.76,https://www.civitatis.com/es/filandia/,663 viajeros
Jardín,"Senderismo por la Reserva Chorro Blanco en Jardín, Antioquia",$150.000,Senderismo por las cascadas de Jardín,230.000 COP,41.27,https://www.civitatis.com/es/jardin/,22 viajeros
Leticia,Plan Parque Mundo Amazónico: Caminata Nocturna,$90.000,Senderismo nocturno por la selva amazónica,70.000 COP,41.11,https://www.civitatis.com/es/puerto-narino/,54 viajeros
Amazonas,Plan Parque Mundo Amazónico: Caminata Nocturna,$90.000,Senderismo nocturno por la selva amazónica,70.000 COP,41.11,https://www.civitatis.com/es/puerto-narino/,54 viajeros
Guatapé,Tour de 1 día al Peñol y Guatapé desde Medellín.,$119.000,Tour del café por Guatapé,125.000 COP,41.06,https://www.civitatis.com/es/guatape/,432 viajeros
Medellín,Tour de 1 día al Peñol y Guatapé desde Medellín.,$119.000,Tour del café por Guatapé,125.000 COP,41.06,https://www.civitatis.com/es/guatape/,432 viajeros
Santa Marta,Tour Entrada Centro de Vida Marina (Oceanario) y Transporte a Playa Blanca Santa Marta,$100.000,Entrada al club de playa Booby Rock con transporte,230.000 COP,41.04,https://www.civitatis.com/es/san-andres/,37 viajeros
Pereira,Balsaje por el Río la Vieja desde la ciudad de Pereira,$180.000,Tour por Pereira,210.000 COP,41.03,https://www.civitatis.com/es/pereira/,21 viajeros
Mesetas,"Circuito de Cascadas Charco Azul desde el municipio de Mesetas, Meta",$230.000,Excursión al Charco Azul,635.180 COP,40.95,https://www.civitatis.com/es/villavicencio/,
Medellín,"Tour de 1 día a Jericó, Antioquia saliendo desde Medellín.",$145.000,Tour del café por Antioquia,249.000 COP,40.91,https://www.civitatis.com/es/medellin/,2.276 viajeros
Jericó,"Tour de 1 día a Jericó, Antioquia saliendo desde Medellín.",$145.000,Tour del café por Antioquia,249.000 COP,40.91,https://www.civitatis.com/es/medellin/,2.276 viajeros
Jardín,"Canyoning 5 Cascadas en Jardín, Antioquia",$180.000,Senderismo por las cascadas de Jardín,230.000 COP,40.66,https://www.civitatis.com/es/jardin/,22 viajeros
Puerto Triunfo,Tour de 1 día a Santorini saliendo desde Medellín,$155.000,Excursión privada desde Medellín,1.070.000 COP,39.99,https://www.civitatis.com/es/medellin/,310 viajeros
Manizales,"Excursión privada a Norcasia, Caldas saliendo desde la ciudad de Manizales.",$911.000,Tour privado por Manizales,680.000 COP,39.93,https://www.civitatis.com/es/manizales/,38 viajeros
Norcasia,"Excursión privada a Norcasia, Caldas saliendo desde la ciudad de Manizales.",$911.000,Tour privado por Manizales,680.000 COP,39.93,https://www.civitatis.com/es/manizales/,38 viajeros
Alcalá,Caminata a lo largo del sendero de la cascada en Alcalá,$60.000,Senderismo por la cascada La Plata,275.515 COP,39.91,https://www.civitatis.com/es/ibague/,16 viajeros
Cartagena,Recorrido en Yate Master de una hora y media por la Bahía de Cartagena,$125.000,Tour en barco pirata por la bahía de Cartagena,391.000 COP,39.84,https://www.civitatis.com/es/cartagena-de-indias/,181 viajeros
Laguna de Guatavita,Tour de un día a la Laguna de Guatavita y Casa Loca desde Bogotá,$160.000,Excursión a Guatavita + Casa al Revés,350.000 COP,39.71,https://www.civitatis.com/es/bogota/,436 viajeros
Guatapé,Plan de 1 hora de deportes acuáticos en la represa de Guatapé,$260.000,Tour en lancha por la represa de Prado,467.000 COP,39.27,https://www.civitatis.com/es/ibague/,
Manizales,Excursión Cafetera de 4 días y 3 Noches,$1.644.000,Visita a una finca cafetera,285.000 COP,38.36,https://www.civitatis.com/es/pitalito/,
Jardín,"Jardín, Antioquía: Ruta de las 5 Cascadas. Salto del Angel",$135.000,Senderismo por las cascadas de Jardín,230.000 COP,38.33,https://www.civitatis.com/es/jardin/,22 viajeros
Cartagena,Recorrido en Yate Express de una hora y media por la Bahía de Cartagena,$220.000,Tour en barco pirata por la bahía de Cartagena,391.000 COP,37.99,https://www.civitatis.com/es/cartagena-de-indias/,181 viajeros
Guatapé,Recorrido Privado de 1 hora en Casa Bote por la represa de Guatapé para grupos entre 5 y 16 personas,$307.000,Tour en lancha por la represa de Prado,467.000 COP,37.67,https://www.civitatis.com/es/ibague/,
Montenegro,Pasadía Parque Acuático Las Bailarinas desde Manizales y Pereira,$190.000,Excursión al Parque Acuático Piscilago,450.000 COP,37.5,https://www.civitatis.com/es/ibague/,9 viajeros
Guatapé,Recorrido Privado de 4 horas en Casa Bote por la represa de Guatapé para grupos entre 5 y 20 personas,$5.000.000,Tour en lancha por la represa de Prado,467.000 COP,37.4,https://www.civitatis.com/es/ibague/,
Ansermanuevo,Descenso por 5 cascadas en el Cañón de la Araña en Ansermanuevo,$150.000,Descenso de cañones en Popayán,237.500 COP,37.28,https://www.civitatis.com/es/popayan/,1 viajero
Bahía Solano,"Tour cascadas cerca de Bahía Solano,Choco",$74.000,Avistamiento de ballenas en Bahía Solano,250.000 COP,37.23,https://www.civitatis.com/es/bahia-solano/,55 viajeros
Cartagena,Tour de un Día a Playa Blanca desde Cartagena con Acceso a Zonas Comunes de un Hostal,$160.000,Excursión a Playa Blanca,291.900 COP,37.22,https://www.civitatis.com/es/cartagena-de-indias/,2.959 viajeros
Guatapé,Paseo Privado de 1 hora en Lancha Rápida por Guatapé para grupos de hasta 7 personas,$250.000,Paseo en barco privado por el embalse de Guatapé,380.000 COP,37.03,https://www.civitatis.com/es/guatape/,111 viajeros
Santander,"Tour de 2 días al Cañón de la Hondura y Cascadas, Santander",$215.000,Excursión a las cascadas del cañón del río Guatapé,280.000 COP,36.85,https://www.civitatis.com/es/guatape/,
Gambita,"Tour de 2 días al Cañón de la Hondura y Cascadas, Santander",$215.000,Excursión a las cascadas del cañón del río Guatapé,280.000 COP,36.85,https://www.civitatis.com/es/guatape/,
Valle de Cocora,Trekking de 3 días al Paramillo del Quindío desde Salento,$760.000,Vuelo en parapente por el Quindío,180.000 COP,36.76,https://www.civitatis.com/es/buenavista/,92 viajeros
Salento,Trekking de 3 días al Paramillo del Quindío desde Salento,$760.000,Vuelo en parapente por el Quindío,180.000 COP,36.76,https://www.civitatis.com/es/buenavista/,92 viajeros
Medellín,Tour de 1 día a Gómez Plata y Carolina del Principe desde Medellín,$145.000,Excursión privada desde Medellín,1.070.000 COP,36.67,https://www.civitatis.com/es/medellin/,310 viajeros
Manizales,Caldas Natural y Cultural. Excursión de 4 noches y 5 días.,$1.759.000,Excursión de 2 días a la Reserva Natural Marasha,570.000 COP,35.87,https://www.civitatis.com/es/leticia/,157 viajeros
Cartagena,"Citytour en Cartagena por la tarde: historia, cultura y lugares icónicos",$199.000,Tour de la cultura africana por Cartagena,180.000 COP,35.44,https://www.civitatis.com/es/cartagena-de-indias/,94 viajeros
Bahía Solano,"Safari Marino en Bahía Solano, Pacífico colombiano",$231.000,Avistamiento de ballenas en Bahía Solano,250.000 COP,35.33,https://www.civitatis.com/es/bahia-solano/,55 viajeros
Manizales,Excursión Natural de 4 días y 3 noches en el Departamento de Caldas,$1.634.000,Excursión de 2 días a la Reserva Natural Marasha,570.000 COP,34.51,https://www.civitatis.com/es/leticia/,157 viajeros
Riosucio,City Tour por Riosucio: Un Tesoro Cultural,$50.000,Tour cultural por Villa de Leyva,95.000 COP,34.11,https://www.civitatis.com/es/villa-de-leyva/,17 viajeros
Bogotá,Tour por el Museo del Oro en la ciudad de Bogotá.,$65.000,Free tour por Bogotá,¡Gratis!,33.72,https://www.civitatis.com/es/bogota/,62.769 viajeros
Riohacha,Excursión “Explora La Guajira”. 5 días y 4 noches,$1.661.400,Tour de 7 días por lo mejor de La Guajira,3.133.000 COP,33.55,https://www.civitatis.com/es/riohacha/,
Gambita,"Pasadía en la Cueva del Chocó y Cascada El Bastón, Santander",$90.000,Excursión privada por Santander,536.000 COP,33.53,https://www.civitatis.com/es/bucaramanga/,2 viajeros
Santander,"Pasadía en la Cueva del Chocó y Cascada El Bastón, Santander",$90.000,Excursión privada por Santander,536.000 COP,33.53,https://www.civitatis.com/es/bucaramanga/,2 viajeros
Puerto Triunfo,Tour de 1 día a Santorini + actividad de Rafting saliendo desde Medellín,$196.000,Excursión privada desde Medellín,1.070.000 COP,33.15,https://www.civitatis.com/es/medellin/,310 viajeros
Gambita,"Pasadía a la Cascada Los Aviones en Gámbita, Santander",$90.000,Excursión privada por Santander,536.000 COP,33.0,https://www.civitatis.com/es/bucaramanga/,2 viajeros
Santander,"Pasadía a la Cascada Los Aviones en Gámbita, Santander",$90.000,Excursión privada por Santander,536.000 COP,33.0,https://www.civitatis.com/es/bucaramanga/,2 viajeros
Jardín,"Jardín, Antioquía: Canyoning de 2 Cascadas para Principiantes",$140.000,Senderismo por las cascadas de Jardín,230.000 COP,32.95,https://www.civitatis.com/es/jardin/,22 viajeros
Santander,"Pasadía a las Cascadas Humeadoras en Gambita, Santander",$90.000,Senderismo por las cascadas de Minca,236.500 COP,32.8,https://www.civitatis.com/es/santa-marta/,2 viajeros
Gambita,"Pasadía a las Cascadas Humeadoras en Gambita, Santander",$90.000,Senderismo por las cascadas de Minca,236.500 COP,32.8,https://www.civitatis.com/es/santa-marta/,2 viajeros
Leticia,Pasadía Mundo Amazónico: Combo 4 rutas,$100.000,Tour de 3 días por la selva amazónica,1.312.500 COP,32.42,https://www.civitatis.com/es/leticia/,276 viajeros
Amazonas,Pasadía Mundo Amazónico: Combo 4 rutas,$100.000,Tour de 3 días por la selva amazónica,1.312.500 COP,32.42,https://www.civitatis.com/es/leticia/,276 viajeros
Alcalá,Torrentismo por 5 cascadas en el municipio de Alcalá,$100.000,Senderismo por las cascadas de Minca,236.500 COP,32.35,https://www.civitatis.com/es/santa-marta/,2 viajeros
Medellín,"City Tour por Medellín, ciudad de la Eterna Primavera",$375.000,Excursión al Molino de la Primavera y El Infiernito,120.000 COP,32.11,https://www.civitatis.com/es/villa-de-leyva/,8 viajeros
Guatapé,Recorrido Privado de 2 horas en Lancha Rápida por Guatapé para grupos de hasta 7 personas,$466.000,Excursión privada a Guatapé,870.000 COP,31.94,https://www.civitatis.com/es/rionegro/,4 viajeros
Valle de Cocora,"Senderismo en La Carbonera, Quindío desde Salento",$247.000,Senderismo por Suesca,32.350 COP,31.47,https://www.civitatis.com/es/suesca/,19 viajeros
Salento,"Senderismo en La Carbonera, Quindío desde Salento",$247.000,Senderismo por Suesca,32.350 COP,31.47,https://www.civitatis.com/es/suesca/,19 viajeros
Ansermanuevo,Descenso nivel intermedio por el Cañón de la Araña en Ansermanuevo,$155.000,Descenso de cañones en Popayán,237.500 COP,30.7,https://www.civitatis.com/es/popayan/,1 viajero
Alcalá,Torrentismo en dos cascadas en el municipio de Alcalá,$90.000,Senderismo por las cascadas de Minca,236.500 COP,30.56,https://www.civitatis.com/es/santa-marta/,2 viajeros
Salento,City Tour Económico por Salento con Intérprete Local,$117.000,Tour gastronómico por Cali,300.000 COP,30.23,https://www.civitatis.com/es/cali/,8 viajeros
Riohacha,Experiencia La Guajira Todo un Encanto. 4 días 3 noches.,$1.228.500,Tour de 7 días por lo mejor de La Guajira,3.133.000 COP,30.19,https://www.civitatis.com/es/riohacha/,
Fusagasugá,Tour cafetero en la Hacienda Coloma en Fusagasugá desde Bogotá.,$150.000,Visita a la Hacienda Combia,205.000 COP,30.11,https://www.civitatis.com/es/armenia-colombia/,156 viajeros
Gambita,Tour de 3 días y 2 noches para enamorarte de la naturaleza de Gambita,$310.000,Excursión de 2 días a la Reserva Natural Marasha,570.000 COP,29.74,https://www.civitatis.com/es/leticia/,157 viajeros
Santander,Tour de 3 días y 2 noches para enamorarte de la naturaleza de Gambita,$310.000,Excursión de 2 días a la Reserva Natural Marasha,570.000 COP,29.74,https://www.civitatis.com/es/leticia/,157 viajeros
Jardín,"Jardín, Antioquia: Cabalgata a la Reserva Chorros Blancos.",$205.000,Tour del café por Antioquia,249.000 COP,29.46,https://www.civitatis.com/es/medellin/,2.276 viajeros
Riohacha,"Excursión “La Guajira, Toda Una Aventura”. 5 noches y 6 días",$2.281.500,Tour de 7 días por lo mejor de La Guajira,3.133.000 COP,29.22,https://www.civitatis.com/es/riohacha/,
Mesetas,Circuito de Cascadas Telares y San Antonio desde Mesetas Meta,$230.000,Excursión a la isla Cacao y visita a la comunidad de San Antonio,85.000 COP,28.82,https://www.civitatis.com/es/puerto-narino/,45 viajeros
Leticia,Mundo Amazónico: Combo 4 rutas + Almuerzo,$125.000,Excursión a la selva amazónica,240.000 COP,27.81,https://www.civitatis.com/es/leticia/,26 viajeros
Amazonas,Mundo Amazónico: Combo 4 rutas + Almuerzo,$125.000,Excursión a la selva amazónica,240.000 COP,27.81,https://www.civitatis.com/es/leticia/,26 viajeros
Amazonas,Pasadía Parque Mundo Amazónico + Charla con Nativo Ancestral,$150.000,Taller de medicina ancestral indígena,150.000 COP,26.98,https://www.civitatis.com/es/bogota/,20 viajeros
Leticia,Pasadía Parque Mundo Amazónico + Charla con Nativo Ancestral,$150.000,Taller de medicina ancestral indígena,150.000 COP,26.98,https://www.civitatis.com/es/bogota/,20 viajeros
Riohacha,"Experiencia “La Guajira Imperdible”. 4 noches, 5 días.",$1.953.900,Tour de 7 días por lo mejor de La Guajira,3.133.000 COP,24.37,https://www.civitatis.com/es/riohacha/,
Riosucio,"Vive el Temazcal: Un Baño de Vapor para Sanar Cuerpo y Alma con Saberes Ancestrales en Riosucio, Caldas",$290.000,Taller de medicina ancestral indígena,150.000 COP,20.24,https://www.civitatis.com/es/bogota/,20 viajeros
Bahía Solano,Experiencia Inmersiva: Convertirse en Investigador científico,$386.000,Tour privado por Envigado,600.000 COP,18.27,https://www.civitatis.com/es/envigado/,
Riosucio,"Magia, Luz y Color",$340.000,Tour de 2 días por el ecoparque Los Colores,560.000 COP,17.58,https://www.civitatis.com/es/medellin/,4 viajeros
