"pais";"destino";"actividad";"url_actividad";"precio_real";"opiniones";"viajeros";"rating";"moneda";"fecha_scan";"cutoff"
"Chile";"Santiago de Chile";"Excursión a Valparaíso y Viña del Mar";"https://www.civitatis.com/es/santiago-de-chile/excursion-valparaiso-vina-del-mar/";"36440.0";"1942";"28160";"8.2";"CLP";"2026-04-13";"18.0"
"Chile";"Santiago de Chile";"Excursión al Cajón del Maipo en grupo reducido";"https://www.civitatis.com/es/santiago-de-chile/excursion-cajon-maipo-grupo-reducido/";"38000.0";"327";"4758";"8.3";"CLP";"2026-04-13";"12.0"
"Chile";"Santiago de Chile";"Tour panorámico por Santiago";"https://www.civitatis.com/es/santiago-de-chile/tour-panoramico-santiago/";"41340.0";"351";"3875";"8.8";"CLP";"2026-04-13";"18.0"
"Chile";"Santiago de Chile";"Estación de esquí El Portillo, Laguna del Inca y Viña San Esteban";"https://www.civitatis.com/es/santiago-de-chile/estacion-esqui-portillo-laguna-inca/";"60312.77";"201";"2691";"8.8";"CLP";"2026-04-13";"6.0"
"Chile";"Santiago de Chile";"Excursión a la Viña Concha y Toro";"https://www.civitatis.com/es/santiago-de-chile/excursion-vina-concha-toro/";"86000.0";"489";"5414";"8.5";"CLP";"2026-04-13";"18.0"
"Chile";"Santiago de Chile";"Traslados en Santiago de Chile";"https://www.civitatis.com/es/santiago-de-chile/traslados/";"39654.6";"1264";"28003";"8.9";"CLP";"2026-04-13";""
"Chile";"Santiago de Chile";"Visita guiada por Santiago";"https://www.civitatis.com/es/santiago-de-chile/visita-guiada-santiago/";"15000.0";"233";"2342";"9.5";"CLP";"2026-04-13";"1.0"
"Chile";"Santiago de Chile";"Free tour por Santiago";"https://www.civitatis.com/es/santiago-de-chile/free-tour-santiago/";"0.0";"2553";"53674";"9.4";"CLP";"2026-04-13";"3.0"
"Chile";"Santiago de Chile";"Excursión al Cajón del Maipo";"https://www.civitatis.com/es/santiago-de-chile/tour-cajon-maipo-embalse-yeso/";"60000.0";"706";"11071";"8.1";"CLP";"2026-04-13";"3.0"
"Chile";"Santiago de Chile";"Excursión a la Viña Undurraga";"https://www.civitatis.com/es/santiago-de-chile/excursion-vina-undurraga/";"54340.0";"73";"778";"8.7";"CLP";"2026-04-13";"18.0"
"Chile";"Santiago de Chile";"Visita a las bodegas de Santa Rita";"https://www.civitatis.com/es/santiago-de-chile/tour-bodegas-santa-rita/";"59980.0";"71";"1038";"8.3";"CLP";"2026-04-13";"18.0"
"Chile";"Santiago de Chile";"Excursión a las termas de Colina y el embalse El Yeso";"https://www.civitatis.com/es/santiago-de-chile/excursion-termas-colina-embalse-yeso/";"103662.89";"18";"293";"9.2";"CLP";"2026-04-13";"18.0"
"Chile";"Santiago de Chile";"Excursión al viñedo Alyan al atardecer";"https://www.civitatis.com/es/santiago-de-chile/excursion-vinedo-alyan-atardecer/";"133253.94";"57";"1211";"9.1";"CLP";"2026-04-13";"10.0"
"Chile";"Santiago de Chile";"Excursión al Parque Tricao y Viña Undurraga";"https://www.civitatis.com/es/santiago-de-chile/excursion-isla-negra-parque-tricao/";"127000.0";"1";"14";"10.0";"CLP";"2026-04-13";"10.0"
"Chile";"Santiago de Chile";"Tour del vino Casillero del Diablo en la Viña Concha y Toro + Cena";"https://www.civitatis.com/es/santiago-de-chile/tour-vino-casillero-diablo/";"179000.0";"4";"52";"9.5";"CLP";"2026-04-13";"5.0"
"Chile";"Santiago de Chile";"Tour en bicicleta por Santiago";"https://www.civitatis.com/es/santiago-de-chile/tour-bicicleta-santiago/";"39654.6";"18";"154";"9.6";"CLP";"2026-04-13";"18.0"
"Chile";"Santiago de Chile";"Visita a la viña Casas del Bosque";"https://www.civitatis.com/es/santiago-de-chile/visita-vina-casas-del-bosque/";"99000.0";"0";"60";"0.0";"CLP";"2026-04-13";"24.0"
"Chile";"Santiago de Chile";"Free tour por el exterior de los museos y palacios de Santiago";"https://www.civitatis.com/es/santiago-de-chile/free-tour-museos-palacios-santiago/";"0.0";"406";"11396";"9.6";"CLP";"2026-04-13";""
"Chile";"Santiago de Chile";"Tour por el cerro San Cristóbal";"https://www.civitatis.com/es/santiago-de-chile/tour-cerro-san-cristobal/";"43431.23";"59";"735";"9.8";"CLP";"2026-04-13";"6.0"
"Chile";"Santiago de Chile";"Autobús turístico de Santiago de Chile";"https://www.civitatis.com/es/santiago-de-chile/autobus-turistico-santiago-chile/";"53000.0";"25";"800";"9.4";"CLP";"2026-04-13";"10.0"
"Chile";"Santiago de Chile";"Excursión al Valle Nevado al atardecer";"https://www.civitatis.com/es/santiago-de-chile/excursion-valle-nevado-atardecer/";"79349.23";"37";"590";"8.6";"CLP";"2026-04-13";"8.0"
"Chile";"Santiago de Chile";"Visita guiada por Sanhattan";"https://www.civitatis.com/es/santiago-de-chile/visita-guiada-sanhattan/";"36822.13";"2";"20";"10.0";"CLP";"2026-04-13";""
"Chile";"Santiago de Chile";"Excursión al Parque Aconcagua";"https://www.civitatis.com/es/santiago-de-chile/excursion-aconcagua/";"290000.0";"22";"239";"9.2";"CLP";"2026-04-13";"24.0"
"Chile";"Santiago de Chile";"Visita a la viña Haras de Pirque";"https://www.civitatis.com/es/santiago-de-chile/visita-vina-haras-de-pirque/";"78000.0";"8";"175";"7.8";"CLP";"2026-04-13";"24.0"
"Chile";"Santiago de Chile";"Excursión a las termas de Valle de Colina";"https://www.civitatis.com/es/santiago-de-chile/excursion-termas-valle-colina/";"65000.0";"46";"451";"8.0";"CLP";"2026-04-13";"12.0"
"Chile";"Santiago de Chile";"Excursión a Isla Negra y San Alfonso del Mar";"https://www.civitatis.com/es/santiago-de-chile/isla-negra-algarrobo-vina-indomita/";"150000.0";"9";"144";"8.4";"CLP";"2026-04-13";"9.0"
"Chile";"Santiago de Chile";"Excursión al Parque Safari de Rancagua";"https://www.civitatis.com/es/santiago-de-chile/excursion-parque-safari-rancagua/";"106678.54";"10";"858";"9.4";"CLP";"2026-04-13";"24.0"
"Chile";"Santiago de Chile";"Tour por Santiago + Teleférico del cerro San Cristóbal";"https://www.civitatis.com/es/santiago-de-chile/tour-santiago-teleferico-san-cristobal/";"100000.0";"62";"646";"8.9";"CLP";"2026-04-13";"9.0"
"Chile";"Santiago de Chile";"Tour por Santiago + Museo Histórico Nacional";"https://www.civitatis.com/es/santiago-de-chile/tour-santiago-museo-historico-nacional/";"84974.16";"1";"34";"10.0";"CLP";"2026-04-13";"24.0"
"Chile";"Santiago de Chile";"Tour de la dictadura de Pinochet";"https://www.civitatis.com/es/santiago-de-chile/tour-dictadura-pinochet/";"90000.0";"27";"255";"7.7";"CLP";"2026-04-13";"24.0"
"Chile";"Santiago de Chile";"Free tour por el barrio Yungay";"https://www.civitatis.com/es/santiago-de-chile/free-tour-barrio-yungay/";"0.0";"418";"7509";"9.5";"CLP";"2026-04-13";"2.0"
"Chile";"Santiago de Chile";"Free tour por Santiago + Cambio de Guardia en el Palacio de La Moneda";"https://www.civitatis.com/es/santiago-de-chile/free-tour-santiago-cambio-guardia/";"0.0";"54";"3185";"9.1";"CLP";"2026-04-13";"12.0"
"Chile";"Santiago de Chile";"Free tour por los mercados de Santiago";"https://www.civitatis.com/es/santiago-de-chile/free-tour-mercados-santiago/";"0.0";"160";"3536";"9.6";"CLP";"2026-04-13";"12.0"
"Chile";"Santiago de Chile";"Visita guiada por el Cementerio General de Santiago";"https://www.civitatis.com/es/santiago-de-chile/visita-guiada-cementerio-general/";"20000.0";"2";"7";"10.0";"CLP";"2026-04-13";"2.0"
"Chile";"Santiago de Chile";"Free tour por el barrio de Providencia";"https://www.civitatis.com/es/santiago-de-chile/free-tour-barrio-providencia/";"0.0";"82";"2144";"9.3";"CLP";"2026-04-13";""
"Chile";"Santiago de Chile";"Tour privado por Santiago de Chile";"https://www.civitatis.com/es/santiago-de-chile/tour-privado-santiago/";"149990.0";"80";"1883";"8.2";"CLP";"2026-04-13";"9.0"
"Chile";"Santiago de Chile";"Tour por Lastarria y el cerro Santa Lucía";"https://www.civitatis.com/es/santiago-de-chile/tour-lastarria-cerro-santa-lucia/";"12746.12";"39";"1343";"9.3";"CLP";"2026-04-13";"12.0"
"Chile";"Santiago de Chile";"Excursión a Isla Negra y Pomaire";"https://www.civitatis.com/es/santiago-de-chile/excursion-isla-negra-pomaire/";"150000.0";"50";"483";"8.6";"CLP";"2026-04-13";"9.0"
"Chile";"Santiago de Chile";"Tour por Patronato y Bellavista";"https://www.civitatis.com/es/santiago-de-chile/tour-patronato-bellavista/";"30590.69";"36";"431";"9.6";"CLP";"2026-04-13";"12.0"
"Chile";"Santiago de Chile";"Excursión privada desde Santiago de Chile";"https://www.civitatis.com/es/santiago-de-chile/excursion-privada-santiago/";"320990.0";"7";"251";"8.9";"CLP";"2026-04-13";"18.0"
"Chile";"Santiago de Chile";"Excursión al Parque Nacional Siete Tazas";"https://www.civitatis.com/es/santiago-de-chile/excursion-parque-nacional-siete-tazas/";"93500.0";"4";"124";"10.0";"CLP";"2026-04-13";"24.0"
"Chile";"Santiago de Chile";"Excursión a Isla Negra, Pomaire y Viña Undurraga";"https://www.civitatis.com/es/santiago-de-chile/isla-negra-pomaire-vina-undurraga/";"140000.0";"7";"111";"8.0";"CLP";"2026-04-13";"3.0"
"Chile";"Santiago de Chile";"Tour por el Museo de la Memoria y los Derechos Humanos";"https://www.civitatis.com/es/santiago-de-chile/tour-museo-memoria-derechos-humanos/";"19827.3";"18";"125";"9.1";"CLP";"2026-04-13";"12.0"
"Chile";"Santiago de Chile";"Tour de compras por el Outlet Buenaventura";"https://www.civitatis.com/es/santiago-de-chile/tour-compras-outlets/";"55000.0";"6";"72";"8.0";"CLP";"2026-04-13";"24.0"
"Chile";"Santiago de Chile";"Excursión a la Laguna del Inca y la Viña Sánchez de Loria";"https://www.civitatis.com/es/santiago-de-chile/laguna-inca-vina-sanchez-loria/";"120000.0";"13";"122";"8.8";"CLP";"2026-04-13";"3.0"
"Chile";"Santiago de Chile";"Tour por el Mercado de las Pulgas";"https://www.civitatis.com/es/santiago-de-chile/tour-mercado-pulgas/";"17844.57";"9";"68";"9.6";"CLP";"2026-04-13";"18.0"
"Chile";"Santiago de Chile";"Excursión a las viñas del Valle de Colchagua";"https://www.civitatis.com/es/santiago-de-chile/excursion-vinas-valle-colchagua/";"250000.0";"3";"67";"9.3";"CLP";"2026-04-13";"4.0"
"Chile";"Santiago de Chile";"Visita a la viña Cousiño Macul";"https://www.civitatis.com/es/santiago-de-chile/visita-vina-cousino-macul/";"69000.0";"7";"168";"6.6";"CLP";"2026-04-13";"24.0"
"Chile";"Santiago de Chile";"Excursión a Pomaire y el Parque Tricao";"https://www.civitatis.com/es/santiago-de-chile/excursion-pomaire-parque-tricao/";"125000.0";"2";"50";"8.0";"CLP";"2026-04-13";"24.0"
"Chile";"Santiago de Chile";"Excursión a la estación de esquí El Portillo y la Laguna del Inca";"https://www.civitatis.com/es/santiago-de-chile/excursion-portillo-laguna-inca/";"67979.32";"1";"26";"10.0";"CLP";"2026-04-13";"24.0"
"Chile";"Santiago de Chile";"Tour en patinete eléctrico por el Cerro San Cristóbal";"https://www.civitatis.com/es/santiago-de-chile/tour-patinete-electrico-cerro-san-cristobal/";"61370.22";"4";"15";"10.0";"CLP";"2026-04-13";"12.0"
"Chile";"Santiago de Chile";"Tour nocturno por los bares de Santiago de Chile";"https://www.civitatis.com/es/santiago-de-chile/tour-alternativo-nocturno-santiago/";"69000.0";"10";"70";"6.4";"CLP";"2026-04-13";"24.0"
"Chile";"Santiago de Chile";"Cascada Invertida, Muela del Diablo y Parque Nacional Siete Tazas en 2 días";"https://www.civitatis.com/es/santiago-de-chile/cascada-invertida-muela-diablo-siete-tazas/";"280000.0";"0";"15";"0.0";"CLP";"2026-04-13";"3.0"
"Chile";"Santiago de Chile";"Tour por las iglesias de Santiago";"https://www.civitatis.com/es/santiago-de-chile/tour-iglesias-santiago/";"16994.83";"0";"17";"0.0";"CLP";"2026-04-13";"12.0"
"Chile";"Santiago de Chile";"Tour por el Museo de Arte Precolombino y el Museo Histórico Nacional";"https://www.civitatis.com/es/santiago-de-chile/tour-museo-precolombino-museo-historico-nacional/";"39088.11";"0";"14";"0.0";"CLP";"2026-04-13";"12.0"
"Chile";"Santiago de Chile";"Tour en segway por Santiago de Chile";"https://www.civitatis.com/es/santiago-de-chile/tour-segway-santiago-chile/";"75532.58";"3";"13";"8.7";"CLP";"2026-04-13";""
"Chile";"Santiago de Chile";"Escalada en el Cajón del Maipo";"https://www.civitatis.com/es/santiago-de-chile/escalada-cajon-maipo/";"221000.0";"0";"6";"0.0";"CLP";"2026-04-13";"24.0"
"Chile";"Santiago de Chile";"Tour por la Viña Cousiño Macul y el Templo Bahaí";"https://www.civitatis.com/es/santiago-de-chile/tour-cousino-macul-templo-bahai/";"80000.0";"10";"122";"8.2";"CLP";"2026-04-13";"3.0"
"Chile";"Santiago de Chile";"Tour del Estadio Monumental";"https://www.civitatis.com/es/santiago-de-chile/tour-estadio-monumental/";"68000.0";"4";"90";"7.5";"CLP";"2026-04-13";"24.0"
"Chile";"Santiago de Chile";"Paseo a caballo por el cerro La Dehesa + Cata de vinos";"https://www.civitatis.com/es/santiago-de-chile/paseo-caballo-cerro-dehesa/";"78400.0";"0";"2";"0.0";"CLP";"2026-04-13";"5.0"
"Chile";"Santiago de Chile";"Excursión a San José de Maipo";"https://www.civitatis.com/es/santiago-de-chile/san-jose-maipo-morado-lodge/";"127000.0";"0";"6";"0.0";"CLP";"2026-04-13";"10.0"
"Chile";"Santiago de Chile";"Visita guiada por el Museo Histórico y Militar de Chile";"https://www.civitatis.com/es/santiago-de-chile/visita-guiada-museo-historico-militar-chile/";"16994.83";"1";"11";"10.0";"CLP";"2026-04-13";"12.0"
"Chile";"Santiago de Chile";"Excursión a caballo por el Cajón del Maipo";"https://www.civitatis.com/es/santiago-de-chile/excursion-embalse-yeso-paseo-caballo/";"251145.85";"0";"0";"0.0";"CLP";"2026-04-13";"7.0"
"Chile";"Santiago de Chile";"Ruta privada de rafting en el río Maipo";"https://www.civitatis.com/es/santiago-de-chile/rafting-rio-maipo/";"458860.47";"0";"0";"0.0";"CLP";"2026-04-13";"7.0"
"Chile";"Santiago de Chile";"Ruta privada de senderismo por la cascada de las Ánimas";"https://www.civitatis.com/es/santiago-de-chile/senderismo-cascada-animas/";"444698.11";"0";"0";"0.0";"CLP";"2026-04-13";"7.0"
"Chile";"Santiago de Chile";"Tour en bicicleta por Viña Santa Rita";"https://www.civitatis.com/es/santiago-de-chile/tour-bicicleta-vina-santa-rita/";"107000.0";"0";"2";"0.0";"CLP";"2026-04-13";"10.0"
"Chile";"Santiago de Chile";"Taller de artesanía textil mapuche";"https://www.civitatis.com/es/santiago-de-chile/taller-artesania-textil-mapuche/";"75000.0";"0";"0";"0.0";"CLP";"2026-04-13";"48.0"
"Chile";"Santiago de Chile";"Trekking por el Cajón del Maipo";"https://www.civitatis.com/es/santiago-de-chile/trekking-cajon-maipo/";"143511.91";"0";"3";"0.0";"CLP";"2026-04-13";"7.0"
"Chile";"Santiago de Chile";"Tour de nieve por Farellones y Valle Nevado";"https://www.civitatis.com/es/santiago-de-chile/tour-nieve-valle-nevado-farellones/";"32000.0";"246";"2834";"8.3";"CLP";"2026-04-13";"18.0"
"Chile";"Santiago de Chile";"Cena y espectáculo tradicional";"https://www.civitatis.com/es/santiago-de-chile/cena-espectaculo-santiago-chile/";"95000.0";"29";"642";"8.6";"CLP";"2026-04-13";"24.0"
"Chile";"Santiago de Chile";"Excursión al Parque de Farellones con entradas";"https://www.civitatis.com/es/santiago-de-chile/excursion-parque-farellones/";"120000.0";"12";"430";"7.0";"CLP";"2026-04-13";"24.0"
"Chile";"Santiago de Chile";"Excursión privada a Farellones, Colorado y La Parva";"https://www.civitatis.com/es/santiago-de-chile/excursion-farellones-colorado-parva/";"208340.0";"17";"354";"8.2";"CLP";"2026-04-13";"12.0"
"Chile";"Santiago de Chile";"Paseo en helicóptero por Santiago de Chile";"https://www.civitatis.com/es/santiago-de-chile/paseo-helicoptero-santiago-chile/";"354059.0";"0";"134";"0.0";"CLP";"2026-04-13";""
"Chile";"Santiago de Chile";"Paseo con raquetas de nieve por el Cajón del Maipo";"https://www.civitatis.com/es/santiago-de-chile/raquetas-nieve-cajon-maipo/";"214000.0";"2";"79";"9.0";"CLP";"2026-04-13";"24.0"
"Chile";"Santiago de Chile";"Experiencia gastronómica Amor y Pastas";"https://www.civitatis.com/es/santiago-de-chile/taller-pasta-restaurante-amor-pastas/";"131369.16";"2";"85";"10.0";"CLP";"2026-04-13";"30.0"
"Chile";"Santiago de Chile";"Paseo a caballo por el Parque Yerba Loca";"https://www.civitatis.com/es/santiago-de-chile/paseo-caballo-yerba-loca/";"221000.0";"1";"26";"10.0";"CLP";"2026-04-13";"24.0"
"Chile";"Santiago de Chile";"Trekking por La Parva";"https://www.civitatis.com/es/santiago-de-chile/trekking-la-parva/";"220000.0";"1";"15";"10.0";"CLP";"2026-04-13";"24.0"
"Chile";"Santiago de Chile";"Visita a la Viña Tres Palacios";"https://www.civitatis.com/es/santiago-de-chile/visita-vina-tres-palacios/";"33045.5";"0";"34";"0.0";"CLP";"2026-04-13";"3.0"
"Chile";"Santiago de Chile";"Excursión en helicóptero a Valle Nevado";"https://www.civitatis.com/es/santiago-de-chile/excursion-helicoptero-valle-nevado/";"499459.23";"2";"14";"10.0";"CLP";"2026-04-13";"4.0"
"Chile";"Santiago de Chile";"Ruta de trekking de 2 días por La Parva";"https://www.civitatis.com/es/santiago-de-chile/trekking-2-dias-la-parva/";"420000.0";"0";"2";"0.0";"CLP";"2026-04-13";"24"
"Chile";"Santiago de Chile";"Excursión a El Colorado + Curso de esquí o de snowboard";"https://www.civitatis.com/es/santiago-de-chile/excursion-colorado-curso-esqui/";"219000.0";"0";"4";"0.0";"CLP";"2026-04-13";"12"
"Chile";"Santiago de Chile";"Tour privado en bicicleta por el Valle del Maipo";"https://www.civitatis.com/es/santiago-de-chile/tour-privado-bicicleta-valle-maipo/";"475855.3";"0";"0";"0.0";"CLP";"2026-04-13";"7"
"Chile";"Valparaíso";"Free tour de los miradores y paseos de Valparaíso";"https://www.civitatis.com/es/valparaiso/free-tour-ascensores-paseos-valparaiso/";"0.0";"396";"8520";"9.6";"CLP";"2026-04-13";""
"Chile";"Valparaíso";"Tour de Valparaíso al completo";"https://www.civitatis.com/es/valparaiso/tour-valparaiso-completo/";"60000.0";"34";"211";"9.9";"CLP";"2026-04-13";"12.0"
"Chile";"Valparaíso";"Free tour por Barrio Puerto y el Cerro Concepción";"https://www.civitatis.com/es/valparaiso/free-tour-barrio-puerto-cerro-cordillera/";"0.0";"190";"3514";"9.6";"CLP";"2026-04-13";""
"Chile";"Valparaíso";"La Sebastiana, Biblioteca Santiago Severín, Catedral y Museo de Historia Natural";"https://www.civitatis.com/es/valparaiso/sebastiana-biblioteca-catedral-museo-historia-natural/";"15000.0";"0";"5";"0.0";"CLP";"2026-04-13";"2.0"
"Chile";"Valparaíso";"Free tour por el Cerro Playa Ancha";"https://www.civitatis.com/es/valparaiso/tour-cerro-playa-ancha/";"0.0";"22";"270";"9.9";"CLP";"2026-04-13";"12.0"
"Chile";"Valparaíso";"Tour de los ascensores de Valparaíso";"https://www.civitatis.com/es/valparaiso/tour-ascensores-valparaiso/";"30000.0";"26";"181";"9.3";"CLP";"2026-04-13";"24.0"
"Chile";"Valparaíso";"Visita guiada por Valparaíso";"https://www.civitatis.com/es/valparaiso/visita-guiada-valparaiso/";"30000.0";"22";"154";"9.7";"CLP";"2026-04-13";"12.0"
"Chile";"Valparaíso";"Tour por Valparaíso y Viña del Mar";"https://www.civitatis.com/es/valparaiso/excursion-vina-del-mar/";"140000.0";"18";"174";"10.0";"CLP";"2026-04-13";"24.0"
"Chile";"Valparaíso";"Excursión a Isla Negra, Algarrobo y Quintay";"https://www.civitatis.com/es/valparaiso/excursion-isla-negra-pueblos-valparaiso/";"160000.0";"4";"72";"10.0";"CLP";"2026-04-13";"24.0"
"Chile";"Valparaíso";"Tour del arte urbano por Valparaíso";"https://www.civitatis.com/es/valparaiso/tour-arte-urbano-valparaiso/";"26000.0";"7";"78";"10.0";"CLP";"2026-04-13";"24.0"
"Chile";"Valparaíso";"Tour de Pablo Neruda";"https://www.civitatis.com/es/valparaiso/tour-pablo-neruda/";"56649.44";"4";"32";"9.5";"CLP";"2026-04-13";"2.0"
"Chile";"Valparaíso";"Avistamiento de pingüinos en la isla Cachagua";"https://www.civitatis.com/es/valparaiso/avistamiento-pinguinos-isla-cachagua/";"135000.0";"2";"73";"10.0";"CLP";"2026-04-13";"48.0"
"Chile";"Valparaíso";"Clase de cocina chilena con comida";"https://www.civitatis.com/es/valparaiso/clase-cocina-chilena/";"64000.0";"10";"57";"10.0";"CLP";"2026-04-13";"48.0"
"Chile";"Valparaíso";"Contrastes de Valparaíso";"https://www.civitatis.com/es/valparaiso/contrastes-valparaiso/";"64000.0";"2";"13";"10.0";"CLP";"2026-04-13";"48.0"
"Chile";"Valparaíso";"Senderismo por el Parque Nacional La Campana";"https://www.civitatis.com/es/valparaiso/senderismo-parque-campana/";"61250.0";"3";"12";"10.0";"CLP";"2026-04-13";"24.0"
"Chile";"Valparaíso";"Visita a una bodega del Valle de Casablanca";"https://www.civitatis.com/es/valparaiso/visita-bodega-valle-casablanca/";"141623.6";"0";"1";"0.0";"CLP";"2026-04-13";"24.0"
"Chile";"Valparaíso";"Tour gastronómico por Valparaíso";"https://www.civitatis.com/es/valparaiso/tour-gastronomico-valparaiso/";"45000.0";"3";"22";"9.3";"CLP";"2026-04-13";"48.0"
"Chile";"Valparaíso";"Tour por Valparaíso para cruceros";"https://www.civitatis.com/es/valparaiso/tour-valparaiso-cruceros/";"60000.0";"1";"9";"10.0";"CLP";"2026-04-13";"12.0"
"Chile";"Valparaíso";"Tour por el Valparaíso alternativo";"https://www.civitatis.com/es/valparaiso/tour-valparaiso-alternativo/";"30000.0";"2";"6";"10.0";"CLP";"2026-04-13";"12.0"
"Chile";"Valparaíso";"Visita guiada por Valparaíso + Paseo en barco";"https://www.civitatis.com/es/valparaiso/visita-guiada-valparaiso-paseo-barco/";"56649.44";"0";"2";"0.0";"CLP";"2026-04-13";"2"
"Chile";"Valparaíso";"Tour por el Parque Nacional La Campana con 2 noches de alojamiento";"https://www.civitatis.com/es/valparaiso/tour-parque-campana/";"158000.0";"0";"0";"0.0";"CLP";"2026-04-13";"3"
"Chile";"Valparaíso";"Visita guiada por Valparaíso + Paseo en trolebús";"https://www.civitatis.com/es/valparaiso/visita-guiada-valparaiso-paseo-trolebus/";"30000.0";"0";"0";"0.0";"CLP";"2026-04-13";"12"
"Chile";"Valparaíso";"Tour de la música por Valparaíso";"https://www.civitatis.com/es/valparaiso/tour-musica-valparaiso/";"50000.0";"0";"0";"0.0";"CLP";"2026-04-13";"48"
"Chile";"Valparaíso";"Tour por la costa norte de Valparaíso";"https://www.civitatis.com/es/valparaiso/tour-costa-norte-valparaiso/";"150000.0";"0";"6";"0.0";"CLP";"2026-04-13";"24"
"Chile";"Valparaíso";"Tour de la cerveza por Valparaíso";"https://www.civitatis.com/es/valparaiso/tour-cerveza-valparaiso/";"40000.0";"0";"0";"0.0";"CLP";"2026-04-13";"48"
"Chile";"Puerto Varas";"Cruce andino por los lagos de la cordillera de los Andes";"https://www.civitatis.com/es/puerto-varas/cruce-andino-lagos/";"262475.74";"33";"575";"9.1";"CLP";"2026-04-13";"24"
"Chile";"Puerto Varas";"Excursión a los Saltos de Petrohué y volcán Osorno";"https://www.civitatis.com/es/puerto-varas/excursion-saltos-petrohue-volcan-osorno/";"35000.0";"161";"1752";"9.1";"CLP";"2026-04-13";"3"
"Chile";"Puerto Varas";"Isla de Chiloé: Chacao, Castro y Dalcahue";"https://www.civitatis.com/es/puerto-varas/excursion-isla-chiloe/";"45000.0";"119";"985";"8.6";"CLP";"2026-04-13";"3"
"Chile";"Puerto Varas";"Excursión a Cochamó y Termas del Sol";"https://www.civitatis.com/es/puerto-varas/excursion-cochamo-termas-sol/";"40000.0";"37";"372";"8.9";"CLP";"2026-04-13";"3"
"Chile";"Puerto Varas";"Excursión a Frutillar";"https://www.civitatis.com/es/puerto-varas/excursion-frutillar-puerto-octay/";"25000.0";"28";"430";"9.3";"CLP";"2026-04-13";"3"
"Chile";"Puerto Varas";"Tour por los pueblos del lago Llanquihue";"https://www.civitatis.com/es/puerto-varas/tour-lago-llanquihue/";"45000.0";"29";"341";"9.4";"CLP";"2026-04-13";"3"
"Chile";"Puerto Varas";"Tour por los pueblos de la Carretera Austral";"https://www.civitatis.com/es/puerto-varas/tour-pueblos-carretera-austral/";"42000.0";"19";"298";"6.8";"CLP";"2026-04-13";"24"
"Chile";"Puerto Varas";"Tour por Puerto Varas y Puerto Montt";"https://www.civitatis.com/es/puerto-varas/tour-puerto-varas-puerto-montt/";"27694.0";"36";"619";"8.4";"CLP";"2026-04-13";"24"
"Chile";"Puerto Varas";"Tour por el lago Todos los Santos y Villa Peulla";"https://www.civitatis.com/es/puerto-varas/tour-lago-todos-santos/";"31000.0";"72";"756";"8.9";"CLP";"2026-04-13";"3"
"Chile";"Puerto Varas";"Excursión al estuario de Reloncaví y el lago Tagua Tagua";"https://www.civitatis.com/es/puerto-varas/excursion-estuario-reloncavi-lago-tagua/";"45000.0";"18";"211";"7.8";"CLP";"2026-04-13";"24"
"Chile";"Puerto Varas";"Excursión privada desde Puerto Varas";"https://www.civitatis.com/es/puerto-varas/excursion-privada-puerto-varas/";"177586.0";"2";"97";"8.0";"CLP";"2026-04-13";"24"
"Chile";"Puerto Varas";"Senderismo por el Parque Nacional Alerce Andino";"https://www.civitatis.com/es/puerto-varas/senderismo-parque-alerce-andino/";"60000.0";"4";"57";"7.0";"CLP";"2026-04-13";"18"
"Chile";"Puerto Varas";"Excursión privada a Valdivia";"https://www.civitatis.com/es/puerto-varas/excursion-valdivia/";"562214.0";"1";"24";"10.0";"CLP";"2026-04-13";"24"
"Chile";"Puerto Varas";"Tour privado por Puerto Varas, Nueva Braunau y Lahuen Ñadi";"https://www.civitatis.com/es/puerto-varas/puerto-varas-nueva-braunau-lahuen-nadi/";"196867.0";"0";"18";"0.0";"CLP";"2026-04-13";"48"
"Chile";"Puerto Varas";"Excursión privada a la isla Calbuco";"https://www.civitatis.com/es/puerto-varas/excursion-isla-calbuco/";"343534.0";"0";"4";"0.0";"CLP";"2026-04-13";"24"
"Chile";"Puerto Varas";"Tour por Maullín + Avistamiento de aves en Quenuir Bajo";"https://www.civitatis.com/es/puerto-varas/maullin-avistamiento-aves-quenuir-bajo/";"130000.0";"0";"1";"0.0";"CLP";"2026-04-13";"24"
"Chile";"Puerto Varas";"Isla de Chiloé: Chacao, Ancud y pingüinos de Puñihuil";"https://www.civitatis.com/es/puerto-varas/tour-pinguinos-chiloe/";"45000.0";"29";"441";"8.6";"CLP";"2026-04-13";"3"
"Chile";"Puerto Varas";"Excursión a Chacao, Ancud y las playas de Chiloé";"https://www.civitatis.com/es/puerto-varas/tour-ancud-chiloe/";"56094.0";"11";"182";"8.7";"CLP";"2026-04-13";"24"
"Chile";"Puerto Varas";"Cascada La Escondida, Coihue de los Columpios y Cochamó";"https://www.civitatis.com/es/puerto-varas/cascada-escondida-coihue-columpios-cochamo/";"49000.0";"5";"79";"9.6";"CLP";"2026-04-13";"24"
"Chile";"Puerto Varas";"Excursión al volcán Osorno";"https://www.civitatis.com/es/puerto-varas/excursion-volcan-osorno/";"30000.0";"22";"196";"8.4";"CLP";"2026-04-13";"3"
"Chile";"Puerto Varas";"Tour privado por Puerto Varas y Puerto Montt";"https://www.civitatis.com/es/puerto-varas/tour-privado-puerto-varas-puerto-montt/";"142787.0";"2";"90";"10.0";"CLP";"2026-04-13";"24"
"Chile";"Puerto Varas";"Tour de 11 días en bicicleta por la Carretera Austral Norte";"https://www.civitatis.com/es/puerto-varas/11-dias-bicicleta-carretera-austral-norte/";"2375000.0";"0";"0";"0.0";"CLP";"2026-04-13";"10"
"Chile";"Punta Arenas";"Excursión al Parque Nacional Torres del Paine";"https://www.civitatis.com/es/punta-arenas/excursion-parque-torres-paine/";"85000.0";"119";"1106";"9.4";"CLP";"2026-04-13";"11.0"
"Chile";"Punta Arenas";"Excursión a la isla Tierra del Fuego";"https://www.civitatis.com/es/punta-arenas/excursion-isla-tierra-fuego/";"95000.0";"127";"1459";"8.1";"CLP";"2026-04-13";"24.0"
"Chile";"Punta Arenas";"Excursión a Torres del Paine + Paseo en barco por el lago Grey";"https://www.civitatis.com/es/punta-arenas/excursion-torres-paine-barco-lago-grey/";"240000.0";"26";"568";"9.7";"CLP";"2026-04-13";"48.0"
"Chile";"Punta Arenas";"Tour por la Reserva Nacional Magallanes";"https://www.civitatis.com/es/punta-arenas/tour-reserva-nacional-magallanes/";"35000.0";"37";"464";"9.4";"CLP";"2026-04-13";"24.0"
"Chile";"Punta Arenas";"Free tour por Punta Arenas";"https://www.civitatis.com/es/punta-arenas/free-tour-punta-arenas/";"0.0";"34";"818";"9.8";"CLP";"2026-04-13";""
"Chile";"Punta Arenas";"Avistamiento de ballenas en el estrecho de Magallanes";"https://www.civitatis.com/es/punta-arenas/avistamiento-ballenas-estrecho-magallanes/";"368221.36";"41";"468";"8.8";"CLP";"2026-04-13";"12.0"
"Chile";"Punta Arenas";"Traslados en Punta Arenas";"https://www.civitatis.com/es/punta-arenas/traslados/";"26670.0";"121";"1883";"9.4";"CLP";"2026-04-13";""
"Chile";"Punta Arenas";"Visita guiada por Punta Arenas";"https://www.civitatis.com/es/punta-arenas/visita-guiada-punta-arenas/";"35000.0";"49";"496";"8.8";"CLP";"2026-04-13";"24.0"
"Chile";"Punta Arenas";"Excursión al Fuerte Bulnes para cruceros";"https://www.civitatis.com/es/punta-arenas/excursion-fuerte-bulnes-cruceros/";"66091.01";"2";"19";"10.0";"CLP";"2026-04-13";"48.0"
"Chile";"Punta Arenas";"Excursión a la isla Magdalena";"https://www.civitatis.com/es/punta-arenas/excursion-isla-magdalena/";"96000.0";"10";"204";"7.8";"CLP";"2026-04-13";"24.0"
"Chile";"Punta Arenas";"Excursión al Fuerte Bulnes";"https://www.civitatis.com/es/punta-arenas/excursion-fuerte-bulnes/";"35000.0";"48";"383";"9.5";"CLP";"2026-04-13";"24.0"
"Chile";"Punta Arenas";"Trekking por las Torres del Paine";"https://www.civitatis.com/es/punta-arenas/trekking-torres-paine/";"95000.0";"28";"495";"9.1";"CLP";"2026-04-13";"24.0"
"Chile";"Punta Arenas";"Excursión al Parque Nacional Pali Aike";"https://www.civitatis.com/es/punta-arenas/excursion-parque-pali-aike/";"80000.0";"4";"147";"10.0";"CLP";"2026-04-13";"24.0"
"Chile";"Punta Arenas";"Excursión al faro San Isidro";"https://www.civitatis.com/es/punta-arenas/excursion-faro-san-isidro/";"80000.0";"21";"147";"8.6";"CLP";"2026-04-13";"24.0"
"Chile";"Punta Arenas";"Avistamiento de delfines en el estrecho de Magallanes";"https://www.civitatis.com/es/punta-arenas/avistamiento-delfines-estrecho-magallanes/";"120000.0";"2";"68";"10.0";"CLP";"2026-04-13";"24.0"
"Chile";"Punta Arenas";"Trekking por el Monte Tarn";"https://www.civitatis.com/es/punta-arenas/trekking-monte-tarn/";"110000.0";"0";"50";"0.0";"CLP";"2026-04-13";"24.0"
"Chile";"Punta Arenas";"Tour por Punta Arenas para cruceros";"https://www.civitatis.com/es/punta-arenas/tour-punta-arenas-cruceros/";"56649.44";"0";"22";"0.0";"CLP";"2026-04-13";"48.0"
"Chile";"Punta Arenas";"Paseo a caballo por la bahía de Agua Fresca";"https://www.civitatis.com/es/punta-arenas/paseo-caballo-bahia-agua-fresca/";"85000.0";"1";"11";"8.0";"CLP";"2026-04-13";"24.0"
"Chile";"Punta Arenas";"Excursión a la isla Magdalena para cruceros";"https://www.civitatis.com/es/punta-arenas/excursion-isla-magdalena-cruceros/";"180000.0";"0";"28";"0.0";"CLP";"2026-04-13";"24.0"
"Chile";"Punta Arenas";"Excursión a las islas Magdalena y Marta en lancha rápida";"https://www.civitatis.com/es/punta-arenas/excursion-islas-magdalena-marta/";"127162.87";"130";"1711";"8.6";"CLP";"2026-04-13";"24"
"Chile";"Punta Arenas";"Paseo en barco al cabo Froward + Trekking a la Cruz de los Mares";"https://www.civitatis.com/es/punta-arenas/barco-cabo-froward-trekking-cruz-mares/";"210000.0";"1";"53";"10.0";"CLP";"2026-04-13";"24"
"Chile";"Punta Arenas";"Excursión a la Antártida en avión";"https://www.civitatis.com/es/punta-arenas/excursion-antartida/";"6216851.89";"0";"0";"0.0";"CLP";"2026-04-13";"30"
"Chile";"Puerto Natales";"Excursión a los glaciares Balmaceda y Serrano en barco";"https://www.civitatis.com/es/puerto-natales/excursion-glaciares-balmaceda-serrano-barco/";"120000.0";"7";"143";"8.9";"CLP";"2026-04-13";"10.0"
"Chile";"Puerto Natales";"Excursión al Parque Nacional Torres del Paine";"https://www.civitatis.com/es/puerto-natales/excursion-torres-paine/";"80000.0";"170";"2141";"9.1";"CLP";"2026-04-13";"18.0"
"Chile";"Puerto Natales";"Crucero por los glaciares de Balmaceda y Serrano + Asado magallánico";"https://www.civitatis.com/es/puerto-natales/crucero-glaciares-balmaceda-serrano/";"210000.0";"38";"571";"8.5";"CLP";"2026-04-13";"48.0"
"Chile";"Puerto Natales";"Excursión a Torres del Paine + Paseo en barco por el lago Grey";"https://www.civitatis.com/es/puerto-natales/excursion-torres-paine-lago-grey/";"230000.0";"19";"378";"9.5";"CLP";"2026-04-13";"48.0"
"Chile";"Puerto Natales";"Traslados en Puerto Natales";"https://www.civitatis.com/es/puerto-natales/traslados/";"226700.0";"3";"159";"10.0";"CLP";"2026-04-13";""
"Chile";"Puerto Natales";"Trekking por las Torres del Paine";"https://www.civitatis.com/es/puerto-natales/trekking-torres-paine/";"95000.0";"28";"495";"9.1";"CLP";"2026-04-13";"24.0"
"Chile";"Puerto Natales";"Trekking de 5 días por el Parque Nacional Torres del Paine con guía";"https://www.civitatis.com/es/puerto-natales/trekking-5-dias-torres-paine/";"1780000.0";"3";"8";"9.3";"CLP";"2026-04-13";"48.0"
"Chile";"Puerto Natales";"Excursión privada de avistamiento de pumas";"https://www.civitatis.com/es/puerto-natales/avistamiento-pumas-torres-paine/";"840000.0";"1";"10";"10.0";"CLP";"2026-04-13";"24.0"
"Chile";"Puerto Natales";"Trekking por la Sierra Baguales";"https://www.civitatis.com/es/puerto-natales/trekking-sierra-baguales/";"125000.0";"0";"7";"0.0";"CLP";"2026-04-13";"7.0"
"Chile";"Puerto Natales";"Trekking por el Cerro Benítez";"https://www.civitatis.com/es/puerto-natales/trekking-cerro-benitez/";"75000.0";"0";"20";"0.0";"CLP";"2026-04-13";"30.0"
"Chile";"Puerto Natales";"Trekking de 5 días por el Parque Nacional Torres del Paine sin guía";"https://www.civitatis.com/es/puerto-natales/trekking-circuito-w-torres-paine/";"1380000.0";"0";"0";"0.0";"CLP";"2026-04-13";"7.0"
"Chile";"San Pedro de Atacama";"Excursión al Valle de la Luna";"https://www.civitatis.com/es/san-pedro-de-atacama/excursion-valle-luna/";"32479.01";"67";"1071";"9.2";"CLP";"2026-04-13";"10.0"
"Chile";"San Pedro de Atacama";"Transporte entre el aeropuerto de Calama y San Pedro de Atacama";"https://www.civitatis.com/es/san-pedro-de-atacama/transporte-aeropuerto-calama-san-pedro-atacama/";"18750.0";"523";"8477";"9.1";"CLP";"2026-04-13";"24.0"
"Chile";"San Pedro de Atacama";"Observación de estrellas en el desierto de Atacama";"https://www.civitatis.com/es/san-pedro-de-atacama/observacion-estrellas-desierto-atacama/";"35000.0";"79";"1677";"9.3";"CLP";"2026-04-13";"1.0"
"Chile";"San Pedro de Atacama";"Piedras Rojas, Salar de Atacama y lagos del altiplano";"https://www.civitatis.com/es/san-pedro-de-atacama/piedras-rojas-salar-atacama/";"70000.0";"248";"4039";"9.0";"CLP";"2026-04-13";"30.0"
"Chile";"San Pedro de Atacama";"Excursión a los géiseres de El Tatio y Laguna Machuca";"https://www.civitatis.com/es/san-pedro-de-atacama/excursion-el-tatio-machuca/";"50000.0";"184";"3729";"8.8";"CLP";"2026-04-13";"24.0"
"Chile";"San Pedro de Atacama";"Traslados en San Pedro de Atacama";"https://www.civitatis.com/es/san-pedro-de-atacama/traslados/";"160104.0";"10";"624";"9.0";"CLP";"2026-04-13";""
"Chile";"San Pedro de Atacama";"Excursión al valle del Arcoíris";"https://www.civitatis.com/es/san-pedro-de-atacama/excursion-valle-arcoiris/";"45000.0";"42";"1035";"9.0";"CLP";"2026-04-13";"24.0"
"Chile";"San Pedro de Atacama";"Excursión a la laguna Cejar, Tebenquiche y los Ojos del Salar";"https://www.civitatis.com/es/san-pedro-de-atacama/excursion-laguna-cejar-ojos-salar/";"45000.0";"62";"1364";"8.4";"CLP";"2026-04-13";"30.0"
"Chile";"San Pedro de Atacama";"Ruta de los Salares";"https://www.civitatis.com/es/san-pedro-de-atacama/licancabur-salar-aguas-calientes-quisquiro/";"65000.0";"16";"451";"7.3";"CLP";"2026-04-13";"24.0"
"Chile";"San Pedro de Atacama";"Excursión a las termas de Puritama";"https://www.civitatis.com/es/san-pedro-de-atacama/excursion-termas-puritama/";"70000.0";"12";"185";"8.2";"CLP";"2026-04-13";"4.0"
"Chile";"San Pedro de Atacama";"Excursión a la Cordillera de la Sal";"https://www.civitatis.com/es/san-pedro-de-atacama/excursion-cordillera-sal/";"45000.0";"68";"1241";"8.8";"CLP";"2026-04-13";"24.0"
"Chile";"San Pedro de Atacama";"Excursión a las Lagunas Escondidas de Baltinache";"https://www.civitatis.com/es/san-pedro-de-atacama/excursion-lagunas-escondidas-baltinache/";"60000.0";"56";"855";"8.4";"CLP";"2026-04-13";"24.0"
"Chile";"San Pedro de Atacama";"Excursión de 4 días al Salar de Uyuni";"https://www.civitatis.com/es/san-pedro-de-atacama/excursion-4-dias-salar-uyuni/";"330000.0";"8";"215";"8.5";"CLP";"2026-04-13";"48.0"
"Chile";"San Pedro de Atacama";"Paseo en globo por San Pedro de Atacama";"https://www.civitatis.com/es/san-pedro-de-atacama/paseo-globo-san-pedro-atacama/";"319000.0";"26";"173";"9.6";"CLP";"2026-04-13";"24.0"
"Chile";"San Pedro de Atacama";"Senderismo por la quebrada del río Puritama";"https://www.civitatis.com/es/san-pedro-de-atacama/senderismo-quebrada-rio-puritama/";"40000.0";"10";"169";"8.6";"CLP";"2026-04-13";"24.0"
"Chile";"San Pedro de Atacama";"Sandboarding en el Valle de la Muerte";"https://www.civitatis.com/es/san-pedro-de-atacama/sandboarding-valle-muerte/";"82930.31";"1";"15";"10.0";"CLP";"2026-04-13";"48.0"
"Chile";"San Pedro de Atacama";"Trekking por el volcán Cerro Toco";"https://www.civitatis.com/es/san-pedro-de-atacama/trekking-volcan-cerro-toco/";"184708.43";"0";"53";"0.0";"CLP";"2026-04-13";"30.0"
"Chile";"San Pedro de Atacama";"Trekking por Purilibre";"https://www.civitatis.com/es/san-pedro-de-atacama/trekking-purilibre/";"48000.0";"1";"4";"10.0";"CLP";"2026-04-13";"12.0"
"Chile";"San Pedro de Atacama";"Tour en bicicleta por la Garganta del Diablo";"https://www.civitatis.com/es/san-pedro-de-atacama/tour-bicicleta-garganta-diablo/";"68794.46";"0";"15";"0.0";"CLP";"2026-04-13";"48"
"Chile";"San Pedro de Atacama";"Excursión a la Aldea de Tulor y Pucará de Quitor";"https://www.civitatis.com/es/san-pedro-de-atacama/excursion-aldea-tulor-pucara-quitor/";"37766.29";"0";"10";"0.0";"CLP";"2026-04-13";"24"
"Chile";"Isla de Pascua";"Excursión a Rano Raraku, Ahu Tongariki y Anakena";"https://www.civitatis.com/es/isla-de-pascua/excursion-rano-raraku-ahu-tongariki-anakena/";"75000.0";"9";"188";"9.1";"CLP";"2026-04-13";"2.0"
"Chile";"Isla de Pascua";"Excursión a Rano Kau, Orongo, Vinapu y Ahu Akivi";"https://www.civitatis.com/es/isla-de-pascua/rano-kau-orongo-vinapu-ahu-akivi/";"75000.0";"9";"147";"8.2";"CLP";"2026-04-13";"2.0"
"Chile";"Isla de Pascua";"Snorkel en la playa de Anakena";"https://www.civitatis.com/es/isla-de-pascua/snorkel-playa-ovahe/";"84974.16";"0";"13";"0.0";"CLP";"2026-04-13";"24.0"
"Chile";"Isla de Pascua";"Tour privado por la Isla de Pascua";"https://www.civitatis.com/es/isla-de-pascua/tour-privado-isla-pascua/";"141623.6";"4";"81";"9.5";"CLP";"2026-04-13";"10.0"
"Chile";"Isla de Pascua";"Traslados en Isla de Pascua";"https://www.civitatis.com/es/isla-de-pascua/traslados/";"125572.92";"2";"36";"10.0";"CLP";"2026-04-13";""
"Chile";"Isla de Pascua";"Taller de tallado de moái en madera";"https://www.civitatis.com/es/isla-de-pascua/taller-tallado-moais-madera/";"94415.73";"0";"11";"0.0";"CLP";"2026-04-13";"24.0"
"Chile";"Isla de Pascua";"Tour privado de pesca por la costa de Hanga Roa";"https://www.civitatis.com/es/isla-de-pascua/pesca-costa-hanga-roa/";"141623.6";"0";"5";"0.0";"CLP";"2026-04-13";"12.0"
"Chile";"Isla de Pascua";"Tour por la Isla de Pascua y la playa de Anakena";"https://www.civitatis.com/es/isla-de-pascua/tour-isla-de-pascua-anakena/";"81400.0";"51";"447";"8.7";"CLP";"2026-04-13";"48.0"
"Chile";"Isla de Pascua";"Excursión a Orongo y volcán Rano Kau";"https://www.civitatis.com/es/isla-de-pascua/excursion-orongo-volcan-rano-kau/";"52800.0";"31";"289";"9.5";"CLP";"2026-04-13";"48.0"
"Chile";"Isla de Pascua";"Excursión a Ahu Akivi";"https://www.civitatis.com/es/isla-de-pascua/excursion-ahu-akivi/";"52800.0";"23";"222";"8.6";"CLP";"2026-04-13";"48.0"
"Chile";"Viña del Mar";"Visita guiada por Viña del Mar";"https://www.civitatis.com/es/vina-mar/visita-guiada-vina-mar/";"28324.72";"8";"69";"9.2";"CLP";"2026-04-13";"2.0"
"Chile";"Viña del Mar";"Free tour por los museos y palacios de Viña del Mar";"https://www.civitatis.com/es/vina-mar/free-tour-museos-palacios-vina-mar/";"0.0";"20";"637";"9.8";"CLP";"2026-04-13";""
"Chile";"Viña del Mar";"Excursión a Isla Negra, Algarrobo y Quintay";"https://www.civitatis.com/es/vina-mar/excursion-isla-negra-pueblos-valparaiso/";"160000.0";"4";"72";"10.0";"CLP";"2026-04-13";"24.0"
"Chile";"Viña del Mar";"Avistamiento de pingüinos en la isla Cachagua";"https://www.civitatis.com/es/vina-mar/avistamiento-pinguinos-isla-cachagua/";"135000.0";"5";"89";"9.2";"CLP";"2026-04-13";"48.0"
"Chile";"Viña del Mar";"Senderismo por el Parque Nacional La Campana";"https://www.civitatis.com/es/vina-mar/senderismo-parque-campana/";"61250.0";"3";"12";"10.0";"CLP";"2026-04-13";"24.0"
"Chile";"Viña del Mar";"Tour por los palacios Vergara y Rioja";"https://www.civitatis.com/es/vina-mar/tour-palacios-vergara-rioja/";"15000.0";"2";"9";"10.0";"CLP";"2026-04-13";"2.0"
"Chile";"Viña del Mar";"Tour en bicicleta por Viña del Mar y Valparaíso";"https://www.civitatis.com/es/vina-mar/tour-bicicleta-vina-mar-valparaiso/";"66091.01";"3";"25";"10.0";"CLP";"2026-04-13";"48.0"
"Chile";"Viña del Mar";"Tour por el Parque Nacional La Campana con 2 noches de alojamiento";"https://www.civitatis.com/es/vina-mar/tour-parque-campana/";"158000.0";"0";"0";"0.0";"CLP";"2026-04-13";"3.0"
"Chile";"Viña del Mar";"Sandboarding en las dunas de Concón";"https://www.civitatis.com/es/vina-mar/sandboarding-dunas-concon/";"55177.02";"20";"206";"9.7";"CLP";"2026-04-13";"2.0"
"Chile";"Viña del Mar";"Tour en bicicleta por Viña del Mar";"https://www.civitatis.com/es/vina-mar/tour-bicicleta-vina-mar/";"66091.01";"1";"11";"10.0";"CLP";"2026-04-13";"48.0"
"Chile";"Viña del Mar";"Tour por la costa norte de Valparaíso";"https://www.civitatis.com/es/vina-mar/tour-costa-norte-valparaiso/";"150000.0";"0";"6";"0.0";"CLP";"2026-04-13";"24.0"
"Chile";"Puerto Montt";"Excursión a Chiloé: Quemchi, Dalcahue y Castro";"https://www.civitatis.com/es/puerto-montt/excursion-isla-chiloe/";"58840.0";"70";"589";"8.7";"CLP";"2026-04-13";"24.0"
"Chile";"Puerto Montt";"Excursión a los Saltos de Petrohué y volcán Osorno";"https://www.civitatis.com/es/puerto-montt/excursion-petrohue-osorno/";"43854.0";"92";"894";"9.4";"CLP";"2026-04-13";"24.0"
"Chile";"Puerto Montt";"Tour por los pueblos de la Carretera Austral";"https://www.civitatis.com/es/puerto-montt/tour-pueblos-carretera-austral/";"42000.0";"19";"298";"6.8";"CLP";"2026-04-13";"24.0"
"Chile";"Puerto Montt";"Tour por Puerto Varas y Puerto Montt";"https://www.civitatis.com/es/puerto-montt/tour-puerto-varas-puerto-montt/";"27694.0";"36";"619";"8.4";"CLP";"2026-04-13";"24.0"
"Chile";"Puerto Montt";"Excursión a Frutillar";"https://www.civitatis.com/es/puerto-montt/excursion-frutillar/";"30240.0";"20";"340";"9.9";"CLP";"2026-04-13";"24.0"
"Chile";"Puerto Montt";"Traslados en Puerto Montt";"https://www.civitatis.com/es/puerto-montt/traslados/";"59591.18";"24";"415";"8.8";"CLP";"2026-04-13";""
"Chile";"Puerto Montt";"Excursión al estuario de Reloncaví y el lago Tagua Tagua";"https://www.civitatis.com/es/puerto-montt/excursion-estuario-reloncavi-lago-tagua/";"45000.0";"18";"211";"7.8";"CLP";"2026-04-13";"24.0"
"Chile";"Puerto Montt";"Tour por los pueblos del lago Llanquihue";"https://www.civitatis.com/es/puerto-montt/tour-lago-llanquihue/";"31386.7";"12";"132";"9.3";"CLP";"2026-04-13";"24.0"
"Chile";"Puerto Montt";"Tour por el lago Todos los Santos y Villa Peulla";"https://www.civitatis.com/es/puerto-montt/tour-lago-todos-santos/";"31000.0";"12";"145";"8.8";"CLP";"2026-04-13";"3.0"
"Chile";"Puerto Montt";"Excursión al volcán Osorno";"https://www.civitatis.com/es/puerto-montt/excursion-volcan-osorno/";"28746.7";"9";"104";"8.7";"CLP";"2026-04-13";"24.0"
"Chile";"Puerto Montt";"Senderismo por el Parque Nacional Alerce Andino";"https://www.civitatis.com/es/puerto-montt/senderismo-parque-alerce-andino/";"60000.0";"3";"38";"9.3";"CLP";"2026-04-13";"24.0"
"Chile";"Puerto Montt";"Excursión privada a Valdivia";"https://www.civitatis.com/es/puerto-montt/excursion-valdivia/";"562214.0";"1";"24";"10.0";"CLP";"2026-04-13";"24.0"
"Chile";"Puerto Montt";"Tour privado por Puerto Varas, Nueva Braunau y Lahuen Ñadi";"https://www.civitatis.com/es/puerto-montt/puerto-varas-nueva-braunau-lahuen-nadi/";"196867.0";"0";"18";"0.0";"CLP";"2026-04-13";"48.0"
"Chile";"Puerto Montt";"Excursión privada a la isla Calbuco";"https://www.civitatis.com/es/puerto-montt/excursion-isla-calbuco/";"343534.0";"0";"4";"0.0";"CLP";"2026-04-13";"24.0"
"Chile";"Puerto Montt";"Avistamiento de aves en la Carretera Austral";"https://www.civitatis.com/es/puerto-montt/avistamiento-aves-carretera-austral/";"40000.0";"0";"4";"0.0";"CLP";"2026-04-13";"24.0"
"Chile";"Puerto Montt";"Tour por Maullín + Avistamiento de aves en Quenuir Bajo";"https://www.civitatis.com/es/puerto-montt/maullin-avistamiento-aves-quenuir-bajo/";"130000.0";"0";"1";"0.0";"CLP";"2026-04-13";"24.0"
"Chile";"Puerto Montt";"Excursión a los Saltos de Petrohué y Puerto Varas para cruceros";"https://www.civitatis.com/es/puerto-montt/excursion-petrohue-puerto-varas-cruceros/";"84974.16";"0";"23";"0.0";"CLP";"2026-04-13";"48.0"
"Chile";"Puerto Montt";"Excursión a Chacao, Ancud y las playas de Chiloé";"https://www.civitatis.com/es/puerto-montt/tour-ancud-chiloe/";"56094.0";"11";"182";"8.7";"CLP";"2026-04-13";"24.0"
"Chile";"Puerto Montt";"Tour privado por Puerto Varas y Puerto Montt";"https://www.civitatis.com/es/puerto-montt/tour-privado-puerto-varas-puerto-montt/";"142787.0";"2";"90";"10.0";"CLP";"2026-04-13";"24"
"Chile";"Puerto Montt";"Excursión privada desde Puerto Montt";"https://www.civitatis.com/es/puerto-montt/excursion-privada-puerto-montt/";"190947.0";"4";"52";"10.0";"CLP";"2026-04-13";"24"
"Chile";"Puerto Montt";"Excursión a las Termas del Sol";"https://www.civitatis.com/es/puerto-montt/excursion-ralun-cochamo-termas-sol/";"55214.0";"0";"47";"0.0";"CLP";"2026-04-13";"24"
"Chile";"Pucón";"Excursión a la Reserva Huilo Huilo";"https://www.civitatis.com/es/pucon/excursion-reserva-huilo-huilo/";"75000.0";"9";"117";"8.2";"CLP";"2026-04-13";"24"
"Chile";"Pucón";"Excursión a las Termas Geométricas";"https://www.civitatis.com/es/pucon/excursion-termas-geometricas/";"90000.0";"11";"145";"8.9";"CLP";"2026-04-13";"24"
"Chile";"Pucón";"Tour de la cultura mapuche";"https://www.civitatis.com/es/pucon/tour-cultura-mapuche/";"50000.0";"0";"93";"0.0";"CLP";"2026-04-13";"24"
"Chile";"Pucón";"Tirolina en el Parque Nacional Villarrica";"https://www.civitatis.com/es/pucon/tirolina-parque-villarrica/";"50000.0";"1";"57";"10.0";"CLP";"2026-04-13";"24"
"Chile";"Pucón";"Rafting en el río Trancura";"https://www.civitatis.com/es/pucon/rafting-rio-trancura/";"60000.0";"2";"35";"9.0";"CLP";"2026-04-13";"24"
"Chile";"Pucón";"Trekking por el Parque Nacional Huerquehue";"https://www.civitatis.com/es/pucon/trekking-parque-huerquehue/";"85000.0";"1";"23";"10.0";"CLP";"2026-04-13";"24"
"Chile";"Pucón";"Trekking por los cráteres parásitos";"https://www.civitatis.com/es/pucon/trekking-crateres-parasitos/";"65000.0";"2";"37";"10.0";"CLP";"2026-04-13";"24"
"Chile";"Pucón";"Tour por la zona de frontera con Argentina";"https://www.civitatis.com/es/pucon/tour-frontera-argentina/";"75000.0";"2";"30";"10.0";"CLP";"2026-04-13";"24"
"Chile";"Pucón";"Trekking y tour en bicicleta por El Cerduo";"https://www.civitatis.com/es/pucon/trekking-bicicleta-el-cerduo/";"50000.0";"0";"6";"0.0";"CLP";"2026-04-13";"24"
"Chile";"Pucón";"Paddle surf en el lago Caburgua";"https://www.civitatis.com/es/pucon/paddle-surf-lago-caburgua/";"94000.0";"1";"3";"10.0";"CLP";"2026-04-13";"24"
"Chile";"Pucón";"Tour panorámico por Pucón";"https://www.civitatis.com/es/pucon/tour-panoramico-pucon/";"70000.0";"4";"49";"5.5";"CLP";"2026-04-13";"24"
"Chile";"Pucón";"Trekking por el volcán Villarrica";"https://www.civitatis.com/es/pucon/trekking-volcan-villarrica/";"200000.0";"0";"25";"0.0";"CLP";"2026-04-13";"24"
"Chile";"Pucón";"Paseo en helicóptero por Pucón y el volcán Villarrica";"https://www.civitatis.com/es/pucon/paseo-helicoptero-pucon/";"424209.89";"0";"60";"0.0";"CLP";"2026-04-13";"4"
"Chile";"Pucón";"Paseo a caballo por las orillas del río Liucura";"https://www.civitatis.com/es/pucon/paseo-caballo-rio-liucura/";"80000.0";"2";"20";"10.0";"CLP";"2026-04-13";"24"
"Chile";"Ensenada";"Entrada a Kotaix Bike Park";"https://www.civitatis.com/es/ensenada-chile/entrada-kotaix-bike-park/";"7000.0";"0";"0";"0.0";"CLP";"2026-04-13";"23"
"Chile";"San Antonio";"Excursión a Isla de Maipo para cruceros";"https://www.civitatis.com/es/san-antonio-chile/excursion-isla-maipo-cruceros/";"121796.29";"0";"2";"0.0";"CLP";"2026-04-13";"20"
"Chile";"Castro";"Trekking por la costa del Parque Tepuhueico";"https://www.civitatis.com/es/castro/trekking-costa-parque-tepuhueico/";"39000.0";"0";"7";"0.0";"CLP";"2026-04-13";"24"
"Chile";"Castro";"Paseo a caballo por la costa del Parque Tepuhueico";"https://www.civitatis.com/es/castro/paseo-caballo-costa-parque-tepuhueico/";"119000.0";"2";"16";"10.0";"CLP";"2026-04-13";"48"
"Chile";"Castro";"Entrada al Parque Tepuhueico";"https://www.civitatis.com/es/castro/entrada-parque-tepuhueico/";"7000.0";"0";"14";"0.0";"CLP";"2026-04-13";"24"
"Chile";"Castro";"Senderismo nocturno por el Parque Tepuhueico";"https://www.civitatis.com/es/castro/senderismo-nocturno-parque-tepuhueico/";"29000.0";"0";"4";"0.0";"CLP";"2026-04-13";"48"
"Chile";"Castro";"Excursión al Parque Tepuhueico";"https://www.civitatis.com/es/castro/excursion-parque-tepuhueico/";"99000.0";"0";"2";"0.0";"CLP";"2026-04-13";"48"
"Chile";"Castro";"Trekking por el bosque del Parque Tepuhueico";"https://www.civitatis.com/es/castro/trekking-bosque-tepuhueico/";"29000.0";"0";"7";"0.0";"CLP";"2026-04-13";"48"
"Chile";"Castro";"Paseo en barco por el lago Tepuhueico";"https://www.civitatis.com/es/castro/paseo-barco-lago-tepuhueico/";"59000.0";"0";"2";"0.0";"CLP";"2026-04-13";"48"
"Chile";"Castro";"Tour en bicicleta eléctrica desde Castro";"https://www.civitatis.com/es/castro/tour-bicicleta-electrica-castro/";"50000.0";"0";"0";"0.0";"CLP";"2026-04-13";"48"
"Chile";"Buin";"Tour del vino Carménère por la bodega Viña Santa Rita";"https://www.civitatis.com/es/buin/tour-vino-carmenere-bodega-santa-rita/";"40000.0";"1";"15";"10.0";"CLP";"2026-04-13";"7"
"Chile";"Buin";"Tour privado en pedal bar por la bodega Viña Santa Rita";"https://www.civitatis.com/es/buin/tour-pedal-bar-bodega-santa-rita/";"120000.0";"0";"12";"0.0";"CLP";"2026-04-13";"7"
"Chile";"Buin";"Visita a la bodega Viña Santa Rita";"https://www.civitatis.com/es/buin/visita-bodega-vina-santa-rita/";"21000.0";"7";"238";"8.3";"CLP";"2026-04-13";"24"
"Chile";"Ancud";"Free tour por Ancud";"https://www.civitatis.com/es/ancud/free-tour-ancud/";"0.0";"19";"276";"9.6";"CLP";"2026-04-13";"1"
"Chile";"Chonchi";"Trekking por la costa del Parque Tepuhueico";"https://www.civitatis.com/es/chonchi/trekking-costa-parque-tepuhueico/";"39000.0";"0";"7";"0.0";"CLP";"2026-04-13";"24"
"Chile";"Chonchi";"Paseo a caballo por la costa del Parque Tepuhueico";"https://www.civitatis.com/es/chonchi/paseo-caballo-costa-parque-tepuhueico/";"119000.0";"2";"16";"10.0";"CLP";"2026-04-13";"48"
"Chile";"Chonchi";"Senderismo nocturno por el Parque Tepuhueico";"https://www.civitatis.com/es/chonchi/senderismo-nocturno-parque-tepuhueico/";"29000.0";"0";"4";"0.0";"CLP";"2026-04-13";"48"
"Chile";"Chonchi";"Excursión al Parque Tepuhueico";"https://www.civitatis.com/es/chonchi/excursion-parque-tepuhueico/";"99000.0";"0";"2";"0.0";"CLP";"2026-04-13";"48"
"Chile";"Chonchi";"Trekking por el bosque del Parque Tepuhueico";"https://www.civitatis.com/es/chonchi/trekking-bosque-tepuhueico/";"29000.0";"0";"7";"0.0";"CLP";"2026-04-13";"48"
"Chile";"Chonchi";"Paseo en barco por el lago Tepuhueico";"https://www.civitatis.com/es/chonchi/paseo-barco-lago-tepuhueico/";"59000.0";"0";"2";"0.0";"CLP";"2026-04-13";"48"
"Chile";"La Serena";"Observación de estrellas en el valle del Elqui";"https://www.civitatis.com/es/la-serena/observacion-estrellas-valle-elqui/";"62990.0";"4";"56";"8.0";"CLP";"2026-04-13";"12.0"
"Chile";"La Serena";"Tour por el valle del Elqui";"https://www.civitatis.com/es/la-serena/tour-valle-elqui/";"63040.3";"5";"62";"10.0";"CLP";"2026-04-13";"18.0"
"Chile";"La Serena";"Excursión a la Isla Damas";"https://www.civitatis.com/es/la-serena/excursion-reserva-pinguino-humboldt/";"160506.74";"3";"49";"10.0";"CLP";"2026-04-13";"48.0"
"Chile";"La Serena";"Tour por La Serena y Coquimbo";"https://www.civitatis.com/es/la-serena/tour-serena-coquimbo/";"63450.0";"2";"10";"10.0";"CLP";"2026-04-13";"3.0"
"Chile";"La Serena";"Traslados en La Serena";"https://www.civitatis.com/es/la-serena/traslados/";"38400.0";"2";"110";"10.0";"CLP";"2026-04-13";""
"Chile";"La Serena";"Tour por el Valle del Encanto";"https://www.civitatis.com/es/la-serena/tour-valle-encanto/";"127461.24";"0";"4";"0.0";"CLP";"2026-04-13";"24.0"
"Chile";"La Serena";"Tour gastronómico por La Serena y Coquimbo";"https://www.civitatis.com/es/la-serena/tour-gastronomico-serena-coquimbo/";"141623.6";"1";"4";"10.0";"CLP";"2026-04-13";"24.0"
"Chile";"La Serena";"Tour del pisco, el vino y la cerveza por el Valle del Elqui";"https://www.civitatis.com/es/la-serena/tour-pisco-vino-cerveza/";"99990.0";"1";"4";"10.0";"CLP";"2026-04-13";"48.0"
"Chile";"La Serena";"Avistamiento de ballenas en Chañaral de Aceituno";"https://www.civitatis.com/es/la-serena/avistamiento-ballenas-chanaral-aceituno/";"85990.0";"0";"2";"0.0";"CLP";"2026-04-13";"48.0"
"Chile";"La Serena";"Tour por las playas de La Serena y Coquimbo";"https://www.civitatis.com/es/la-serena/tour-playas-serena-coquimbo/";"97990.0";"0";"2";"0.0";"CLP";"2026-04-13";"48.0"
"Chile";"La Serena";"Bautismo de buceo en Tongoy";"https://www.civitatis.com/es/la-serena/bautismo-buceo-tongoy/";"118990.0";"0";"0";"0.0";"CLP";"2026-04-13";"48.0"
"Chile";"La Serena";"Tour del pisco por el Valle del Elqui";"https://www.civitatis.com/es/la-serena/tour-pisco-valle-elqui/";"97990.0";"0";"0";"0.0";"CLP";"2026-04-13";"48.0"
"Chile";"Coquimbo";"Tour por La Serena y Coquimbo";"https://www.civitatis.com/es/la-serena/tour-serena-coquimbo/";"63450.0";"2";"10";"10.0";"CLP";"2026-04-13";"3"
"Chile";"Coquimbo";"Tour gastronómico por La Serena y Coquimbo";"https://www.civitatis.com/es/la-serena/tour-gastronomico-serena-coquimbo/";"141623.6";"1";"4";"10.0";"CLP";"2026-04-13";"24"
"Chile";"Coquimbo";"Tour por las playas de La Serena y Coquimbo";"https://www.civitatis.com/es/la-serena/tour-playas-serena-coquimbo/";"97990.0";"0";"2";"0.0";"CLP";"2026-04-13";"48"
"Chile";"Vicuña";"Traslados en Vicuña";"https://www.civitatis.com/es/vicuna/traslados/";"38400.0";"2";"110";"10.0";"CLP";"2026-04-13";""
"Chile";"Pisco Elqui";"Observación de estrellas en el valle del Elqui";"https://www.civitatis.com/es/pisco-elqui/observacion-estrellas-valle-elqui/";"30000.0";"2";"39";"8.0";"CLP";"2026-04-13";"6"
"Chile";"Pisco Elqui";"Tour del pisco por el Alto Elqui";"https://www.civitatis.com/es/pisco-elqui/tour-pisco-alto-elqui/";"35000.0";"0";"6";"0.0";"CLP";"2026-04-13";"24"
"Chile";"Pisco Elqui";"Paseo a caballo por Cochiguaz";"https://www.civitatis.com/es/pisco-elqui/paseo-caballo-cochiguaz/";"43000.0";"1";"3";"10.0";"CLP";"2026-04-13";"18"
"Chile";"Pisco Elqui";"Trekking por el valle de Cochiguaz";"https://www.civitatis.com/es/pisco-elqui/trekking-valle-cochiguaz/";"40000.0";"0";"5";"0.0";"CLP";"2026-04-13";"18"
"Chile";"Pisco Elqui";"Ruta en bicicleta por el valle del Elqui";"https://www.civitatis.com/es/pisco-elqui/ruta-bicicleta-valle-elqui/";"36000.0";"0";"6";"0.0";"CLP";"2026-04-13";"18"
"Chile";"Pisco Elqui";"Tour privado por el valle del Elqui";"https://www.civitatis.com/es/pisco-elqui/tour-privado-valle-elqui/";"168000.0";"0";"0";"0.0";"CLP";"2026-04-13";"18"
"Chile";"Frutillar";"Paseo en barco por el lago Llanquihue";"https://www.civitatis.com/es/frutillar/paseo-barco-lago-llanquihue/";"10000.0";"9";"160";"8.7";"CLP";"2026-04-13";"12"
"Chile";"Iquique";"Excursión a las salitreras de Santa Laura y Humberstone";"https://www.civitatis.com/es/iquique/excursion-salitreras-santa-laura-humberstone/";"40000.0";"13";"134";"8.3";"CLP";"2026-04-13";"12"
"Chile";"Iquique";"Excursión a Pisagua";"https://www.civitatis.com/es/iquique/excursion-pisagua/";"65000.0";"0";"36";"0.0";"CLP";"2026-04-13";"12"
"Chile";"Iquique";"Tour por Iquique";"https://www.civitatis.com/es/iquique/tour-iquique/";"35000.0";"5";"75";"6.4";"CLP";"2026-04-13";"12"
"Chile";"Iquique";"Excursión al oasis de Pica";"https://www.civitatis.com/es/iquique/excursion-oasis-pica/";"55000.0";"3";"41";"10.0";"CLP";"2026-04-13";"12"
"Chile";"Iquique";"Excursión a Mamiña";"https://www.civitatis.com/es/iquique/excursion-mamina/";"60000.0";"3";"45";"8.0";"CLP";"2026-04-13";"12"
"Chile";"Iquique";"Excursión a la laguna Roja";"https://www.civitatis.com/es/iquique/excursion-laguna-roja/";"130000.0";"3";"49";"8.0";"CLP";"2026-04-13";"12"
"Chile";"Iquique";"Excursión al Parque Nacional Volcán Isluga";"https://www.civitatis.com/es/iquique/excursion-parque-volcan-isluga/";"75000.0";"5";"54";"6.4";"CLP";"2026-04-13";"12"
"Chile";"Iquique";"Tour del vino, la miel y los destilados por el desierto de Tarapacá";"https://www.civitatis.com/es/iquique/tour-vinedos-bodegas-desierto-tarapaca/";"65000.0";"0";"6";"0.0";"CLP";"2026-04-13";"12"
"Chile";"Iquique";"Vuelo en parapente por Iquique";"https://www.civitatis.com/es/iquique/vuelo-parapente-iquique/";"60000.0";"0";"11";"0.0";"CLP";"2026-04-13";"2"
"Chile";"Iquique";"Curso de sandboarding en el cerro Dragón";"https://www.civitatis.com/es/iquique/curso-sandboarding-cerro-dragon/";"40000.0";"3";"29";"8.7";"CLP";"2026-04-13";"3"
"Chile";"Coyhaique";"Tour de 10 días en bicicleta por la Carretera Austral Sur";"https://www.civitatis.com/es/coyhaique/10-dias-bicicleta-carretera-austral-sur/";"2273730.0";"0";"0";"0.0";"CLP";"2026-04-13";"10"
"Chile";"Torres del Paine";"Paseo en barco por el lago Grey con visita a la playa y al glaciar";"https://www.civitatis.com/es/torres-del-paine/paseo-barco-lago-grey/";"110000.0";"25";"575";"8.6";"CLP";"2026-04-13";"48"
"Chile";"Putre ";"Trekking por las montañas de colores de Suriplaza";"https://www.civitatis.com/es/putre/trekking-montanas-colores-suriplaza/";"96000.0";"2";"10";"10.0";"CLP";"2026-04-13";"24"
"Chile";"Putre ";"Excursión al Parque Nacional Lauca";"https://www.civitatis.com/es/putre/excursion-parque-lauca/";"72000.0";"3";"56";"10.0";"CLP";"2026-04-13";"24"
"Chile";"Putre ";"Tour de 3 días por Lauca";"https://www.civitatis.com/es/putre/tour-3-dias-lauca/";"405000.0";"2";"23";"10.0";"CLP";"2026-04-13";"24"
"Chile";"Putre ";"Excursión al Salar de Surire";"https://www.civitatis.com/es/putre/excursion-salar-surire/";"115000.0";"2";"21";"10.0";"CLP";"2026-04-13";"24"
"Chile";"Putre ";"Trekking por la montaña Guane Guane";"https://www.civitatis.com/es/putre/trekking-montana-guane-guane/";"96000.0";"0";"2";"0.0";"CLP";"2026-04-13";"24"
"Chile";"Putre ";"Tour por los pueblos de General Lagos";"https://www.civitatis.com/es/putre/tour-pueblos-general-lagos/";"120000.0";"0";"0";"0.0";"CLP";"2026-04-13";"24"
"Chile";"Putre ";"Tour de 5 días por Parinacota y Taapacá";"https://www.civitatis.com/es/putre/tour-5-dias-parinacota-taapaca/";"1170000.0";"0";"0";"0.0";"CLP";"2026-04-13";"24"
"Chile";"Putre ";"Trekking por el sendero inca Qhapaq Ñan";"https://www.civitatis.com/es/putre/trekking-sendero-inca-qhapaq-nan/";"72000.0";"0";"0";"0.0";"CLP";"2026-04-13";"24"
"Chile";"Putre ";"Trekking por las lagunas de Cotacotani";"https://www.civitatis.com/es/putre/trekking-lagunas-cotacotani/";"84000.0";"0";"2";"0.0";"CLP";"2026-04-13";"24"
"Chile";"Putre ";"Trekking por Willacaurane y Petacane Apacheta";"https://www.civitatis.com/es/putre/trekking-willacaurane-petacane-apacheta/";"60000.0";"0";"0";"0.0";"CLP";"2026-04-13";"24"
"Chile";"Putre ";"Excursión a Chapiquiña y termas de Juntuma";"https://www.civitatis.com/es/putre/excursion-chapiquina-termas-juntuma/";"72000.0";"0";"0";"0.0";"CLP";"2026-04-13";"24"
"Chile";"Putre ";"Trekking por la montaña Choquelimpie";"https://www.civitatis.com/es/putre/trekking-montana-choquelimpie/";"96000.0";"0";"0";"0.0";"CLP";"2026-04-13";"24"
"Chile";"Putre ";"Excursión a las montañas de colores de Suriplaza";"https://www.civitatis.com/es/putre/excursion-montanas-colores-suriplaza/";"96000.0";"0";"8";"0.0";"CLP";"2026-04-13";"24"
"Chile";"Futaleufú";"Curso de kayak en el río Espolón";"https://www.civitatis.com/es/futaleufu/curso-kayak-rio-espolon/";"75000.0";"0";"0";"0.0";"CLP";"2026-04-13";"12"
"Chile";"Arica";"Excursión al lago Chungará";"https://www.civitatis.com/es/arica/excursion-lago-chungara/";"75000.0";"12";"123";"8.8";"CLP";"2026-04-13";"48"
"Chile";"Arica";"Excursión a la laguna Roja";"https://www.civitatis.com/es/arica/excursion-laguna-roja/";"130000.0";"0";"33";"0.0";"CLP";"2026-04-13";"48"
"Chile";"Arica";"Excursión a Pisagua";"https://www.civitatis.com/es/arica/excursion-pisagua/";"60000.0";"0";"7";"0.0";"CLP";"2026-04-13";"48"
"Chile";"Arica";"Tour por Arica y el valle de Azapa";"https://www.civitatis.com/es/arica/tour-arica-valle-azapa/";"50000.0";"0";"28";"0.0";"CLP";"2026-04-13";"48"
"Chile";"Arica";"Tour de 6 días por la región comunitaria Aymara";"https://www.civitatis.com/es/arica/tour-6-dias-region-aymara/";"960000.0";"0";"0";"0.0";"CLP";"2026-04-13";"24"
"Chile";"Valdivia";"Tour por la reserva ecológica Senderos del Bosque";"https://www.civitatis.com/es/valdivia/tour-senderos-bosque/";"31000.0";"0";"5";"0.0";"CLP";"2026-04-13";"48"
"Chile";"Valdivia";"Tour de la cerveza por Valdivia";"https://www.civitatis.com/es/valdivia/tour-cerveza-valdivia/";"26500.0";"1";"11";"10.0";"CLP";"2026-04-13";"24"
"Chile";"Valdivia";"Visita guiada por Valdivia";"https://www.civitatis.com/es/valdivia/tour-panoramico-valdivia/";"26500.0";"6";"43";"9.3";"CLP";"2026-04-13";"24"
"Chile";"Valdivia";"Excursión al Parque Nacional Alerce Costero";"https://www.civitatis.com/es/valdivia/excursion-alerce-costero/";"61000.0";"4";"38";"9.0";"CLP";"2026-04-13";"48"
"Chile";"Valdivia";"Senderismo por el Parque Oncol";"https://www.civitatis.com/es/valdivia/senderismo-parque-oncol/";"47000.0";"5";"13";"10.0";"CLP";"2026-04-13";"24"
"Chile";"Valdivia";"Excursión a Punta Curiñanco";"https://www.civitatis.com/es/valdivia/excursion-punta-curinanco/";"47000.0";"0";"2";"0.0";"CLP";"2026-04-13";"48"
"Chile";"Valdivia";"Tour en kayak por el río Valdivia";"https://www.civitatis.com/es/valdivia/tour-kayak-rio-valdivia/";"40000.0";"0";"2";"0.0";"CLP";"2026-04-13";"24"
"Chile";"Peulla ";"Tour por el valle del río Negro";"https://www.civitatis.com/es/peulla/tour-valle-rio-negro/";"27000.0";"0";"3";"0.0";"CLP";"2026-04-13";"3"
"Chile";"Concepción";"Tour de viñedos y bodegas por el valle de Itata";"https://www.civitatis.com/es/concepcion/tour-vinedos-bodegas-valle-itata/";"55000.0";"5";"96";"9.2";"CLP";"2026-04-13";"48"
"Chile";"Concepción";"Tour por Concepción";"https://www.civitatis.com/es/concepcion/tour-concepcion/";"25000.0";"5";"176";"7.6";"CLP";"2026-04-13";"48"
"Chile";"Concepción";"Excursión al golfo de Arauco y sus playas";"https://www.civitatis.com/es/concepcion/excursion-golfo-arauco-playas/";"40000.0";"3";"51";"10.0";"CLP";"2026-04-13";"48"
"Chile";"Concepción";"Tour por la costa del Gran Concepción";"https://www.civitatis.com/es/concepcion/tour-costa-gran-concepcion/";"45000.0";"0";"100";"0.0";"CLP";"2026-04-13";"48"
"Chile";"Concepción";"Tour por los humedales de Concepción";"https://www.civitatis.com/es/concepcion/tour-humedales-concepcion/";"30000.0";"1";"11";"10.0";"CLP";"2026-04-13";"48"
"Chile";"Concepción";"Excursión a Ninhue y Buchupureo";"https://www.civitatis.com/es/concepcion/excursion-ninhue-buchupureo/";"55000.0";"1";"7";"10.0";"CLP";"2026-04-13";"48"
"Chile";"Concepción";"Tour privado por la costa del Gran Concepción";"https://www.civitatis.com/es/concepcion/tour-privado-costa-gran-concepcion/";"140000.0";"0";"7";"0.0";"CLP";"2026-04-13";"48"
"Chile";"Puerto Tranquilo";"Tour en kayak por las cavernas de mármol";"https://www.civitatis.com/es/puerto-tranquilo/tour-kayak-cavernas-marmol/";"60000.0";"32";"536";"9.2";"CLP";"2026-04-13";"24"
"Chile";"Puerto Tranquilo";"Barco por las cavernas de mármol de Puerto Sánchez y Puerto Tranquilo";"https://www.civitatis.com/es/puerto-tranquilo/barco-puerto-tranquilo-puerto-sanchez/";"40000.0";"32";"399";"8.6";"CLP";"2026-04-13";"24"
"Chile";"Puerto Tranquilo";"Paseo en barco por las cuevas de mármol de Puerto Tranquilo";"https://www.civitatis.com/es/puerto-tranquilo/barco-cavernas-marmol-puerto-tranquilo/";"25000.0";"17";"292";"8.0";"CLP";"2026-04-13";"24"
"Chile";"Puerto Tranquilo";"Paseo en barco privado desde Puerto Tranquilo";"https://www.civitatis.com/es/puerto-tranquilo/paseo-barco-privado-puerto-tranquilo/";"150000.0";"7";"92";"8.0";"CLP";"2026-04-13";"24"
"Chile";"Puerto Tranquilo";"Paseo en barco por las cavernas de mármol de Puerto Sánchez";"https://www.civitatis.com/es/puerto-tranquilo/barco-cavernas-marmol-puerto-sanchez/";"30000.0";"1";"19";"8.0";"CLP";"2026-04-13";"24"
"Chile";"Chile Chico";"Trekking por la Patagonia hasta la Cueva de las Manos";"https://www.civitatis.com/es/chile-chico/trekking-patagonia-cueva-manos/";"98000.0";"1";"13";"10.0";"CLP";"2026-04-13";"3"
"Chile";"Puerto Williams";"Cruce de Puerto Williams a Ushuaia por el Canal Beagle";"https://www.civitatis.com/es/puerto-williams/cruce-puerto-williams-ushuaia-canal-beagle/";"160000.0";"1";"2";"10.0";"CLP";"2026-04-13";"48"
"Chile";"Puerto Williams";"Tour por la isla Navarino";"https://www.civitatis.com/es/puerto-williams/tour-isla-navarino/";"64000.0";"2";"19";"10.0";"CLP";"2026-04-13";"48"
"Chile";"Puerto Williams";"Trekking por el cerro Bandera";"https://www.civitatis.com/es/puerto-williams/trekking-cerro-bandera/";"60000.0";"1";"8";"10.0";"CLP";"2026-04-13";"48"
"Chile";"Puerto Williams";"Tour en kayak por el Canal Beagle";"https://www.civitatis.com/es/puerto-williams/tour-kayak-canal-beagle/";"74000.0";"1";"10";"10.0";"CLP";"2026-04-13";"12"
"Chile";"Puerto Williams";"Tour en kayak por el Canal Beagle con avistamiento de lobos marinos";"https://www.civitatis.com/es/puerto-williams/kayak-canal-beagle-lobos-marinos/";"175000.0";"0";"6";"0.0";"CLP";"2026-04-13";"48"
"Chile";"Puerto Williams";"Trekking por los Dientes de Navarino";"https://www.civitatis.com/es/puerto-williams/trekking-dientes-navarino/";"95000.0";"1";"7";"10.0";"CLP";"2026-04-13";"48"
"Chile";"Puerto Williams";"Tour por Puerto Williams y cascada Los Bronces";"https://www.civitatis.com/es/puerto-williams/tour-puerto-williams-cascada-bronces/";"64000.0";"1";"7";"10.0";"CLP";"2026-04-13";"48"
"Chile";"Puerto Williams";"Trekking de 5 días por la isla Navarino";"https://www.civitatis.com/es/puerto-williams/trekking-5-dias-isla-navarino/";"1020000.0";"0";"2";"0.0";"CLP";"2026-04-13";"10"
"Chile";"Puerto Williams";"Tour en bicicleta por Puerto Williams e isla Navarino";"https://www.civitatis.com/es/puerto-williams/tour-bicicleta-puerto-williams-isla-navarino/";"64000.0";"0";"1";"0.0";"CLP";"2026-04-13";"48"
"Chile";"Mallín Grande";"Paseo a caballo por Mallín Grande";"https://www.civitatis.com/es/mallin-grande/paseo-caballo-mallin-grande/";"65000.0";"0";"0";"0.0";"CLP";"2026-04-13";"3"
"Chile";"Puerto Sánchez";"Paseo en barco por la capilla y la catedral de mármol";"https://www.civitatis.com/es/puerto-sanchez/paseo-barco-capilla-catedral-marmol/";"35000.0";"1";"36";"10.0";"CLP";"2026-04-13";"48"
"Chile";"Puerto Sánchez";"Paseo en barco por Puerto Sánchez y las cavernas de mármol";"https://www.civitatis.com/es/puerto-sanchez/paseo-barco-cavernas-marmol/";"30000.0";"0";"7";"0.0";"CLP";"2026-04-13";"48"
"Chile";"Puerto Sánchez";"Barco por las cavernas de mármol de Puerto Sánchez y Puerto Tranquilo";"https://www.civitatis.com/es/puerto-tranquilo/barco-puerto-tranquilo-puerto-sanchez/";"40000.0";"32";"399";"8.6";"CLP";"2026-04-13";"24"
"Chile";"Puerto Sánchez";"Paseo en barco por las cavernas de mármol de Puerto Sánchez";"https://www.civitatis.com/es/puerto-tranquilo/barco-cavernas-marmol-puerto-sanchez/";"30000.0";"1";"19";"8.0";"CLP";"2026-04-13";"24"
"Chile";"San Fabián de Alico";"Paseo a caballo por el Valle Hermoso";"https://www.civitatis.com/es/san-fabian-de-alico/paseo-caballo-valle-hermoso/";"76000.0";"0";"0";"0.0";"CLP";"2026-04-13";"7"
"Chile";"San Fabián de Alico";"Trekking por la laguna El Valiente";"https://www.civitatis.com/es/san-fabian-de-alico/trekking-laguna-valiente/";"40000.0";"0";"2";"0.0";"CLP";"2026-04-13";"3"
"Chile";"Hornopirén ";"Tour en kayak por la isla de los Ciervos";"https://www.civitatis.com/es/hornopiren/tour-kayak-isla-ciervos/";"55000.0";"0";"2";"0.0";"CLP";"2026-04-13";"24"
"Chile";"Malalcahuello ";"Trekking de ascenso al cráter Navidad";"https://www.civitatis.com/es/malalcahuello/trekking-crater-navidad/";"55000.0";"0";"6";"0.0";"CLP";"2026-04-13";"24"
"Chile";"Malalcahuello ";"Trekking hasta la laguna Espejo";"https://www.civitatis.com/es/malalcahuello/trekking-laguna-espejo/";"81250.0";"0";"0";"0.0";"CLP";"2026-04-13";"24"
"Chile";"Malalcahuello ";"Trekking de ascenso al volcán Lonquimay";"https://www.civitatis.com/es/malalcahuello/trekking-volcan-lonquimay/";"100000.0";"0";"0";"0.0";"CLP";"2026-04-13";"24"
"Chile";"Pica";"Excursión al salar de Huasco y Tambillo";"https://www.civitatis.com/es/pica/excursion-salar-huasco-tambillo/";"43750.0";"0";"12";"0.0";"CLP";"2026-04-13";"48"
"Chile";"Pica";"Noche en el camping colgante del oasis de Pica";"https://www.civitatis.com/es/pica/noche-camping-colgante-oasis-pica/";"43750.0";"0";"0";"0.0";"CLP";"2026-04-13";"7"
"Chile";"Pica";"Senderismo por el oasis de Pica";"https://www.civitatis.com/es/pica/senderismo-oasis-pica/";"12500.0";"0";"0";"0.0";"CLP";"2026-04-13";"24"
"Chile";"Pica";"Rápel y escalada en el oasis de Pica";"https://www.civitatis.com/es/pica/rapel-escalada-oasis-pica/";"18750.0";"0";"0";"0.0";"CLP";"2026-04-13";"24"
"Chile";"Pica";"Trekking y rápel en el Salto del Chintaguay";"https://www.civitatis.com/es/pica/trekking-rapel-salto-chintaguay/";"31250.0";"0";"0";"0.0";"CLP";"2026-04-13";"48"
"Chile";"Ovalle";"Tour de 2 días por la Quebrada Amarilla con observación de estrellas";"https://www.civitatis.com/es/ovalle/tour-2-dias-quebrada-amarilla/";"135000.0";"0";"0";"0.0";"CLP";"2026-04-13";"7.0"
"Chile";"Ovalle";"Excursión al Parque Nacional Bosque Fray Jorge";"https://www.civitatis.com/es/ovalle/excursion-bosque-fray-jorge/";"38000.0";"0";"9";"0.0";"CLP";"2026-04-13";"48.0"
"Chile";"Ovalle";"Tour arqueológico por el Valle del Encanto";"https://www.civitatis.com/es/ovalle/tour-arqueologico-valle-encanto/";"30000.0";"0";"8";"0.0";"CLP";"2026-04-13";"48.0"
"Chile";"Ovalle";"Escalada en la quebrada de Los Loros";"https://www.civitatis.com/es/ovalle/escalada-quebrada-loros/";"40000.0";"0";"2";"0.0";"CLP";"2026-04-13";"48.0"
"Chile";"Ovalle";"Trekking por el cerro Tamaya";"https://www.civitatis.com/es/ovalle/trekking-cerro-tamaya/";"35000.0";"0";"0";"0.0";"CLP";"2026-04-13";"48.0"
"Chile";"Ovalle";"Traslados en Ovalle";"https://www.civitatis.com/es/ovalle/traslados/";"38400.0";"2";"110";"10.0";"CLP";"2026-04-13";""
"Chile";"Ovalle";"Trekking por el cerro Tamaya al atardecer";"https://www.civitatis.com/es/ovalle/trekking-cerro-tamaya-atardecer/";"35000.0";"0";"0";"0.0";"CLP";"2026-04-13";"48.0"
"Chile";"Ovalle";"Excursión al humedal del río Limarí + Tour en kayak";"https://www.civitatis.com/es/ovalle/excursion-humedal-rio-limari-tour-kayak/";"50000.0";"0";"0";"0.0";"CLP";"2026-04-13";"48.0"
"Chile";"Ovalle";"Tour en bicicleta por el humedal del río Limarí";"https://www.civitatis.com/es/ovalle/tour-bicicleta-humedal-rio-limari/";"50000.0";"0";"0";"0.0";"CLP";"2026-04-13";"48.0"
"Chile";"Ovalle";"Observación de estrellas en Las Tinajas";"https://www.civitatis.com/es/ovalle/observacion-estrellas-tinajas/";"40000.0";"0";"0";"0.0";"CLP";"2026-04-13";"48.0"
"Chile";"Calama";"Transporte entre el aeropuerto de Calama y San Pedro de Atacama";"https://www.civitatis.com/es/calama/transporte-aeropuerto-calama-san-pedro-atacama/";"18750.0";"523";"8477";"9.1";"CLP";"2026-04-13";"24.0"
"Chile";"Calama";"Excursión privada a los geoglifos de Chug Chug";"https://www.civitatis.com/es/calama/excursion-geoglifos-chug-chug/";"60000.0";"4";"23";"10.0";"CLP";"2026-04-13";"48.0"
"Chile";"Calama";"Excursión privada a Chiu Chiu y el volcán Poruña";"https://www.civitatis.com/es/calama/excursion-chiu-chiu-volcan-poruna/";"96000.0";"2";"21";"10.0";"CLP";"2026-04-13";"48.0"
"Chile";"Calama";"Excursión privada al Puente del Diablo, Chiu Chiu y Ayquina";"https://www.civitatis.com/es/calama/excursion-puente-diablo-chiu-ayquina/";"84000.0";"0";"4";"0.0";"CLP";"2026-04-13";"48.0"
"Chile";"Calama";"Excursión privada a Ollagüe y los salares del Alto del Loa";"https://www.civitatis.com/es/calama/excursion-ollague-salares-alto-loa/";"144000.0";"0";"9";"0.0";"CLP";"2026-04-13";"48.0"
"Chile";"Calama";"Excursión privada a Chiu Chiu y Pukara de Lasana";"https://www.civitatis.com/es/calama/excursion-chiu-chiu-pukara-lasana/";"72000.0";"1";"14";"10.0";"CLP";"2026-04-13";"48.0"
"Chile";"Calama";"Traslados en Calama";"https://www.civitatis.com/es/calama/traslados/";"160104.0";"10";"624";"9.0";"CLP";"2026-04-13";""
"Chile";"Calama";"Excursión privada al pueblo fantasma de Chacabuco";"https://www.civitatis.com/es/calama/excursion-pueblo-fantasma-chacabuco/";"84000.0";"1";"6";"10.0";"CLP";"2026-04-13";"48.0"
"Chile";"Calama";"Ruta privada de trekking por el volcán Poruña";"https://www.civitatis.com/es/calama/trekking-volcan-poruna/";"108000.0";"0";"0";"0.0";"CLP";"2026-04-13";"48.0"
"Chile";"Puerto Chacabuco";"Excursión al Parque Nacional Laguna San Rafael";"https://www.civitatis.com/es/puerto-chacabuco/excursion-laguna-san-rafael/";"309000.0";"38";"471";"9.3";"CLP";"2026-04-13";"5"
"Chile";"Puerto Chacabuco";"Excursión al Parque Aikén del Sur";"https://www.civitatis.com/es/puerto-chacabuco/excursion-parque-aiken-sur/";"76000.0";"1";"30";"8.0";"CLP";"2026-04-13";"5"
"Chile";"Puerto Chacabuco";"Excursión a las termas de Ensenada Pérez";"https://www.civitatis.com/es/puerto-chacabuco/excursion-termas-ensenada-perez/";"115000.0";"0";"30";"0.0";"CLP";"2026-04-13";"5"
"Chile";"Puerto Chacabuco";"Tour por los pueblos de Aysén";"https://www.civitatis.com/es/puerto-chacabuco/tour-pueblos-aysen/";"121000.0";"0";"0";"0.0";"CLP";"2026-04-13";"5"
"Chile";"Casablanca";"Visita a la Cervecería Coda";"https://www.civitatis.com/es/casablanca-chile/visita-cerveceria-coda/";"15000.0";"0";"0";"0.0";"CLP";"2026-04-13";"24"
"Chile";"Llanquihue";"Tour por los pueblos del lago Llanquihue";"https://www.civitatis.com/es/puerto-varas/tour-lago-llanquihue/";"45000.0";"29";"341";"9.4";"CLP";"2026-04-13";"3"
"Chile";"Llanquihue";"Paseo en barco por el lago Llanquihue";"https://www.civitatis.com/es/frutillar/paseo-barco-lago-llanquihue/";"10000.0";"9";"160";"8.7";"CLP";"2026-04-13";"12"
"Chile";"Olmué";"Senderismo por el Parque Nacional La Campana";"https://www.civitatis.com/es/olmue/senderismo-parque-campana/";"61250.0";"3";"12";"10.0";"CLP";"2026-04-13";"24"
"Chile";"Olmué";"Tour por el Parque Nacional La Campana con 2 noches de alojamiento";"https://www.civitatis.com/es/olmue/tour-parque-campana/";"158000.0";"0";"0";"0.0";"CLP";"2026-04-13";"3"
"Chile";"Caleta Chañaral";"Paseo en barco por la isla Chañaral con avistamiento de ballenas y delfines";"https://www.civitatis.com/es/caleta-chanaral/paseo-barco-isla-chanaral/";"29990.0";"0";"0";"0.0";"CLP";"2026-04-13";"24"
