moneda,pais,destino,actividad,precio_desde_original,precio_real,opiniones,viajeros,url_fuente,fuente,fecha_scan
CLP,Chile,Santiago de Chile,Visita guiada por Santiago,,15.000 CL$,191 opiniones,1.870 viajeros,https://www.civitatis.com/es/santiago-de-chile/visita-guiada-santiago/,Civitatis,2026-02-02 16:04
CLP,Chile,Santiago de Chile,Excursión a Valparaíso y Viña del Mar,,36.440 CL$,1.878 opiniones,27.165 viajeros,https://www.civitatis.com/es/santiago-de-chile/excursion-valparaiso-vina-del-mar/,Civitatis,2026-02-02 16:04
CLP,Chile,Santiago de Chile,Excursión al Cajón del Maipo en grupo reducido,,38.000 CL$,281 opiniones,3.978 viajeros,https://www.civitatis.com/es/santiago-de-chile/excursion-cajon-maipo-grupo-reducido/,Civitatis,2026-02-02 16:04
CLP,Chile,Santiago de Chile,Free tour por Santiago,,¡Gratis!,2.423 opiniones,50.221 viajeros,https://www.civitatis.com/es/santiago-de-chile/free-tour-santiago/,Civitatis,2026-02-02 16:04
CLP,Chile,Santiago de Chile,Tour panorámico por Santiago,,41.340 CL$,338 opiniones,3.690 viajeros,https://www.civitatis.com/es/santiago-de-chile/tour-panoramico-santiago/,Civitatis,2026-02-02 16:04
CLP,Chile,Santiago de Chile,"Estación de esquí El Portillo, Laguna del Inca y Viña San Esteban","84.085,82 CL$","58.860,08 CL$",191 opiniones,2.523 viajeros,https://www.civitatis.com/es/santiago-de-chile/estacion-esqui-portillo-laguna-inca/,Civitatis,2026-02-02 16:04
CLP,Chile,Santiago de Chile,Traslados en Santiago de Chile,,"38.699,48 CL$",1.201 opiniones,25.980 viajeros,https://www.civitatis.com/es/santiago-de-chile/traslados/,Civitatis,2026-02-02 16:04
CLP,Chile,Santiago de Chile,Free tour por el barrio Yungay,,¡Gratis!,400 opiniones,7.284 viajeros,https://www.civitatis.com/es/santiago-de-chile/free-tour-barrio-yungay/,Civitatis,2026-02-02 16:04
CLP,Chile,Santiago de Chile,Excursión a las termas de Colina y el embalse El Yeso,,"75.091,14 CL$",13 opiniones,184 viajeros,https://www.civitatis.com/es/santiago-de-chile/excursion-termas-colina-embalse-yeso/,Civitatis,2026-02-02 16:04
CLP,Chile,Santiago de Chile,Tour por el Museo de la Memoria y los Derechos Humanos,,"19.349,74 CL$",14 opiniones,117 viajeros,https://www.civitatis.com/es/santiago-de-chile/tour-museo-memoria-derechos-humanos/,Civitatis,2026-02-02 16:04
CLP,Chile,Santiago de Chile,Free tour por el exterior de los museos y palacios de Santiago,,¡Gratis!,388 opiniones,10.792 viajeros,https://www.civitatis.com/es/santiago-de-chile/free-tour-museos-palacios-santiago/,Civitatis,2026-02-02 16:04
CLP,Chile,Santiago de Chile,Tarjeta eSIM Civitatis Chile,,"4.607,08 CL$",41 opiniones,821 viajeros,https://www.civitatis.com/es/tarjeta-esim-chile/,Civitatis,2026-02-02 16:04
CLP,Chile,Santiago de Chile,Excursión a la Viña Concha y Toro,,86.000 CL$,481 opiniones,5.252 viajeros,https://www.civitatis.com/es/santiago-de-chile/excursion-vina-concha-toro/,Civitatis,2026-02-02 16:04
CLP,Chile,Santiago de Chile,Tour del vino Casillero del Diablo en la Viña Concha y Toro + Cena,,179.000 CL$,4 opiniones,68 viajeros,https://www.civitatis.com/es/santiago-de-chile/tour-vino-casillero-diablo/,Civitatis,2026-02-02 16:04
CLP,Chile,Santiago de Chile,Excursión a la Viña Undurraga,,54.340 CL$,68 opiniones,716 viajeros,https://www.civitatis.com/es/santiago-de-chile/excursion-vina-undurraga/,Civitatis,2026-02-02 16:04
CLP,Chile,Santiago de Chile,Autobús turístico de Santiago de Chile,,44.000 CL$,24 opiniones,691 viajeros,https://www.civitatis.com/es/santiago-de-chile/autobus-turistico-santiago-chile/,Civitatis,2026-02-02 16:04
CLP,Chile,Santiago de Chile,Tour por Santiago + Teleférico del cerro San Cristóbal,,100.000 CL$,62 opiniones,594 viajeros,https://www.civitatis.com/es/santiago-de-chile/tour-santiago-teleferico-san-cristobal/,Civitatis,2026-02-02 16:04
CLP,Chile,Santiago de Chile,Excursión al viñedo Alyan al atardecer,,"121.126,04 CL$",53 opiniones,1.035 viajeros,https://www.civitatis.com/es/santiago-de-chile/excursion-vinedo-alyan-atardecer/,Civitatis,2026-02-02 16:04
CLP,Chile,Santiago de Chile,Excursión al Cajón del Maipo,,60.000 CL$,704 opiniones,11.009 viajeros,https://www.civitatis.com/es/santiago-de-chile/tour-cajon-maipo-embalse-yeso/,Civitatis,2026-02-02 16:04
CLP,Chile,Santiago de Chile,Tour privado por Santiago de Chile,,149.990 CL$,78 opiniones,1.829 viajeros,https://www.civitatis.com/es/santiago-de-chile/tour-privado-santiago/,Civitatis,2026-02-02 16:04
CLP,Chile,Santiago de Chile,Visita a la viña Casas del Bosque,,99.000 CL$,Sin valorar,50 viajeros,https://www.civitatis.com/es/santiago-de-chile/visita-vina-casas-del-bosque/,Civitatis,2026-02-02 16:04
CLP,Chile,Santiago de Chile,Excursión a Isla Negra y Pomaire,,150.000 CL$,50 opiniones,473 viajeros,https://www.civitatis.com/es/santiago-de-chile/excursion-isla-negra-pomaire/,Civitatis,2026-02-02 16:04
CLP,Chile,Santiago de Chile,Visita a las bodegas de Santa Rita,,59.980 CL$,68 opiniones,940 viajeros,https://www.civitatis.com/es/santiago-de-chile/tour-bodegas-santa-rita/,Civitatis,2026-02-02 16:04
CLP,Chile,Santiago de Chile,Excursión al Parque Safari de Rancagua,,"99.071,29 CL$",9 opiniones,785 viajeros,https://www.civitatis.com/es/santiago-de-chile/excursion-parque-safari-rancagua/,Civitatis,2026-02-02 16:04
CLP,Chile,Santiago de Chile,Excursión a la estación de esquí El Portillo y la Laguna del Inca,,"66.341,98 CL$",1 opinión,15 viajeros,https://www.civitatis.com/es/santiago-de-chile/excursion-portillo-laguna-inca/,Civitatis,2026-02-02 16:04
CLP,Chile,Santiago de Chile,Free tour por el barrio de Providencia,,¡Gratis!,78 opiniones,2.063 viajeros,https://www.civitatis.com/es/santiago-de-chile/free-tour-barrio-providencia/,Civitatis,2026-02-02 16:04
CLP,Chile,Santiago de Chile,Excursión al Valle Nevado al atardecer,,"73.690,84 CL$",34 opiniones,505 viajeros,https://www.civitatis.com/es/santiago-de-chile/excursion-valle-nevado-atardecer/,Civitatis,2026-02-02 16:04
CLP,Chile,Santiago de Chile,Visita a la viña Cousiño Macul,,69.000 CL$,7 opiniones,163 viajeros,https://www.civitatis.com/es/santiago-de-chile/visita-vina-cousino-macul/,Civitatis,2026-02-02 16:04
CLP,Chile,Santiago de Chile,Tour por Lastarria y el cerro Santa Lucía,,"13.821,24 CL$",39 opiniones,1.330 viajeros,https://www.civitatis.com/es/santiago-de-chile/tour-lastarria-cerro-santa-lucia/,Civitatis,2026-02-02 16:04
CLP,Chile,Santiago de Chile,Free tour por Santiago + Cambio de Guardia en el Palacio de La Moneda,,¡Gratis!,51 opiniones,2.937 viajeros,https://www.civitatis.com/es/santiago-de-chile/free-tour-santiago-cambio-guardia/,Civitatis,2026-02-02 16:04
CLP,Chile,Santiago de Chile,Free tour por los mercados de Santiago,,¡Gratis!,158 opiniones,3.425 viajeros,https://www.civitatis.com/es/santiago-de-chile/free-tour-mercados-santiago/,Civitatis,2026-02-02 16:04
CLP,Chile,Santiago de Chile,Tour por el cerro San Cristóbal,,"42.385,15 CL$",53 opiniones,676 viajeros,https://www.civitatis.com/es/santiago-de-chile/tour-cerro-san-cristobal/,Civitatis,2026-02-02 16:04
CLP,Chile,Santiago de Chile,Excursión a las termas de Valle de Colina,,65.000 CL$,46 opiniones,435 viajeros,https://www.civitatis.com/es/santiago-de-chile/excursion-termas-valle-colina/,Civitatis,2026-02-02 16:04
CLP,Chile,Santiago de Chile,Tour por Patronato y Bellavista,,"33.170,99 CL$",36 opiniones,431 viajeros,https://www.civitatis.com/es/santiago-de-chile/tour-patronato-bellavista/,Civitatis,2026-02-02 16:04
CLP,Chile,Santiago de Chile,Tour de la dictadura de Pinochet,,79.000 CL$,27 opiniones,250 viajeros,https://www.civitatis.com/es/santiago-de-chile/tour-dictadura-pinochet/,Civitatis,2026-02-02 16:04
CLP,Chile,Santiago de Chile,Excursión al Parque Nacional Siete Tazas,,93.500 CL$,4 opiniones,122 viajeros,https://www.civitatis.com/es/santiago-de-chile/excursion-parque-nacional-siete-tazas/,Civitatis,2026-02-02 16:04
CLP,Chile,Santiago de Chile,Excursión privada desde Santiago de Chile,,320.990 CL$,7 opiniones,243 viajeros,https://www.civitatis.com/es/santiago-de-chile/excursion-privada-santiago/,Civitatis,2026-02-02 16:04
CLP,Chile,Santiago de Chile,"Excursión a Isla Negra, Pomaire y Viña Undurraga",,140.000 CL$,7 opiniones,105 viajeros,https://www.civitatis.com/es/santiago-de-chile/isla-negra-pomaire-vina-undurraga/,Civitatis,2026-02-02 16:04
CLP,Chile,Santiago de Chile,Tour en bicicleta por Santiago,,"38.699,48 CL$",18 opiniones,138 viajeros,https://www.civitatis.com/es/santiago-de-chile/tour-bicicleta-santiago/,Civitatis,2026-02-02 16:04
CLP,Chile,Santiago de Chile,Excursión a Isla Negra y San Alfonso del Mar,,150.000 CL$,8 opiniones,130 viajeros,https://www.civitatis.com/es/santiago-de-chile/isla-negra-algarrobo-vina-indomita/,Civitatis,2026-02-02 16:04
CLP,Chile,Santiago de Chile,Tour de compras por el Outlet Buenaventura,,55.000 CL$,6 opiniones,68 viajeros,https://www.civitatis.com/es/santiago-de-chile/tour-compras-outlets/,Civitatis,2026-02-02 16:04
CLP,Chile,Santiago de Chile,Excursión a la Laguna del Inca y la Viña Sánchez de Loria,,120.000 CL$,13 opiniones,115 viajeros,https://www.civitatis.com/es/santiago-de-chile/laguna-inca-vina-sanchez-loria/,Civitatis,2026-02-02 16:04
CLP,Chile,Santiago de Chile,Tour por el Mercado de las Pulgas,,"19.349,74 CL$",9 opiniones,62 viajeros,https://www.civitatis.com/es/santiago-de-chile/tour-mercado-pulgas/,Civitatis,2026-02-02 16:04
CLP,Chile,Santiago de Chile,Excursión a las viñas del Valle de Colchagua,,250.000 CL$,2 opiniones,64 viajeros,https://www.civitatis.com/es/santiago-de-chile/excursion-vinas-valle-colchagua/,Civitatis,2026-02-02 16:04
CLP,Chile,Santiago de Chile,Visita a la viña Haras de Pirque,,78.000 CL$,8 opiniones,143 viajeros,https://www.civitatis.com/es/santiago-de-chile/visita-vina-haras-de-pirque/,Civitatis,2026-02-02 16:04
CLP,Chile,Santiago de Chile,Excursión a Pomaire y el Parque Tricao,,125.000 CL$,2 opiniones,44 viajeros,https://www.civitatis.com/es/santiago-de-chile/excursion-pomaire-parque-tricao/,Civitatis,2026-02-02 16:04
CLP,Chile,Santiago de Chile,Tour por Santiago + Museo Histórico Nacional,,"82.927,47 CL$",Sin valorar,20 viajeros,https://www.civitatis.com/es/santiago-de-chile/tour-santiago-museo-historico-nacional/,Civitatis,2026-02-02 16:04
CLP,Chile,Santiago de Chile,Tour en patinete eléctrico por el Cerro San Cristóbal,,"59.892,06 CL$",4 opiniones,15 viajeros,https://www.civitatis.com/es/santiago-de-chile/tour-patinete-electrico-cerro-san-cristobal/,Civitatis,2026-02-02 16:04
CLP,Chile,Santiago de Chile,Tour nocturno por los bares de Santiago de Chile,,69.000 CL$,10 opiniones,70 viajeros,https://www.civitatis.com/es/santiago-de-chile/tour-alternativo-nocturno-santiago/,Civitatis,2026-02-02 16:04
CLP,Chile,Santiago de Chile,"Cascada Invertida, Muela del Diablo y Parque Nacional Siete Tazas en 2 días",,280.000 CL$,Sin valorar,15 viajeros,https://www.civitatis.com/es/santiago-de-chile/cascada-invertida-muela-diablo-siete-tazas/,Civitatis,2026-02-02 16:04
CLP,Chile,Santiago de Chile,Visita guiada por Sanhattan,,"45.149,40 CL$",Sin valorar,10 viajeros,https://www.civitatis.com/es/santiago-de-chile/visita-guiada-sanhattan/,Civitatis,2026-02-02 16:04
CLP,Chile,Santiago de Chile,Tour por las iglesias de Santiago,,"18.428,32 CL$",Sin valorar,13 viajeros,https://www.civitatis.com/es/santiago-de-chile/tour-iglesias-santiago/,Civitatis,2026-02-02 16:04
CLP,Chile,Santiago de Chile,Tour por el Museo de Arte Precolombino y el Museo Histórico Nacional,,"42.385,15 CL$",Sin valorar,13 viajeros,https://www.civitatis.com/es/santiago-de-chile/tour-museo-precolombino-museo-historico-nacional/,Civitatis,2026-02-02 16:04
CLP,Chile,Santiago de Chile,Tour en segway por Santiago de Chile,,"73.713,31 CL$",3 opiniones,13 viajeros,https://www.civitatis.com/es/santiago-de-chile/tour-segway-santiago-chile/,Civitatis,2026-02-02 16:04
CLP,Chile,Santiago de Chile,Escalada en el Cajón del Maipo,,221.000 CL$,Sin valorar,6 viajeros,https://www.civitatis.com/es/santiago-de-chile/escalada-cajon-maipo/,Civitatis,2026-02-02 16:04
CLP,Chile,Santiago de Chile,Tour por la Viña Cousiño Macul y el Templo Bahaí,,80.000 CL$,9 opiniones,114 viajeros,https://www.civitatis.com/es/santiago-de-chile/tour-cousino-macul-templo-bahai/,Civitatis,2026-02-02 16:04
CLP,Chile,Santiago de Chile,Tour del Estadio Monumental,,68.000 CL$,4 opiniones,90 viajeros,https://www.civitatis.com/es/santiago-de-chile/tour-estadio-monumental/,Civitatis,2026-02-02 16:04
CLP,Chile,Santiago de Chile,Excursión al Parque Tricao y Viña Undurraga,,127.000 CL$,Sin valorar,2 viajeros,https://www.civitatis.com/es/santiago-de-chile/excursion-isla-negra-parque-tricao/,Civitatis,2026-02-02 16:04
CLP,Chile,Santiago de Chile,Visita guiada por el Cementerio General de Santiago,,20.000 CL$,Novedad,2 viajeros,https://www.civitatis.com/es/santiago-de-chile/visita-guiada-cementerio-general/,Civitatis,2026-02-02 16:04
CLP,Chile,Santiago de Chile,Excursión a caballo por el Cajón del Maipo,,"245.096,76 CL$",Novedad,,https://www.civitatis.com/es/santiago-de-chile/excursion-embalse-yeso-paseo-caballo/,Civitatis,2026-02-02 16:04
CLP,Chile,Santiago de Chile,Ruta privada de rafting en el río Maipo,,"447.808,37 CL$",Novedad,,https://www.civitatis.com/es/santiago-de-chile/rafting-rio-maipo/,Civitatis,2026-02-02 16:04
CLP,Chile,Santiago de Chile,Excursión a San José de Maipo + El Morado Lodge,,179.000 CL$,Sin valorar,,https://www.civitatis.com/es/santiago-de-chile/san-jose-maipo-morado-lodge/,Civitatis,2026-02-02 16:04
CLP,Chile,Santiago de Chile,Senderismo por la cascada de las Ánimas,,"433.987,12 CL$",Novedad,,https://www.civitatis.com/es/santiago-de-chile/senderismo-cascada-animas/,Civitatis,2026-02-02 16:04
CLP,Chile,Santiago de Chile,Paseo a caballo por el cerro La Dehesa + Cata de vinos,,98.000 CL$,Novedad,,https://www.civitatis.com/es/santiago-de-chile/paseo-caballo-cerro-dehesa/,Civitatis,2026-02-02 16:04
CLP,Chile,Santiago de Chile,Tour en bicicleta por Viña Santa Rita,,107.000 CL$,Sin valorar,2 viajeros,https://www.civitatis.com/es/santiago-de-chile/tour-bicicleta-vina-santa-rita/,Civitatis,2026-02-02 16:04
CLP,Chile,Santiago de Chile,Visita guiada por el Museo Histórico y Militar de Chile,,"18.428,32 CL$",1 opinión,10 viajeros,https://www.civitatis.com/es/santiago-de-chile/visita-guiada-museo-historico-militar-chile/,Civitatis,2026-02-02 16:04
CLP,Chile,Santiago de Chile,Taller de artesanía textil mapuche,,75.000 CL$,Sin valorar,,https://www.civitatis.com/es/santiago-de-chile/taller-artesania-textil-mapuche/,Civitatis,2026-02-02 16:04
CLP,Chile,Santiago de Chile,Trekking por el Cajón del Maipo,,"140.055,29 CL$",Novedad,2 viajeros,https://www.civitatis.com/es/santiago-de-chile/trekking-cajon-maipo/,Civitatis,2026-02-02 16:04
CLP,Chile,Santiago de Chile,Tour de nieve por Farellones y Valle Nevado,,32.000 CL$,246 opiniones,2.834 viajeros,https://www.civitatis.com/es/santiago-de-chile/tour-nieve-valle-nevado-farellones/,Civitatis,2026-02-02 16:04
CLP,Chile,Santiago de Chile,Cena y espectáculo tradicional,,95.000 CL$,29 opiniones,628 viajeros,https://www.civitatis.com/es/santiago-de-chile/cena-espectaculo-santiago-chile/,Civitatis,2026-02-02 16:04
CLP,Chile,Santiago de Chile,Excursión al Parque de Farellones con entradas,,120.000 CL$,12 opiniones,430 viajeros,https://www.civitatis.com/es/santiago-de-chile/excursion-parque-farellones/,Civitatis,2026-02-02 16:04
CLP,Chile,Santiago de Chile,"Excursión privada a Farellones, Colorado y La Parva",,208.340 CL$,17 opiniones,354 viajeros,https://www.civitatis.com/es/santiago-de-chile/excursion-farellones-colorado-parva/,Civitatis,2026-02-02 16:04
CLP,Chile,Santiago de Chile,Excursión al Parque Aconcagua,,290.000 CL$,22 opiniones,237 viajeros,https://www.civitatis.com/es/santiago-de-chile/excursion-aconcagua/,Civitatis,2026-02-02 16:04
CLP,Chile,Santiago de Chile,Paseo en helicóptero por Santiago de Chile,,"345.531,15 CL$",Sin valorar,134 viajeros,https://www.civitatis.com/es/santiago-de-chile/paseo-helicoptero-santiago-chile/,Civitatis,2026-02-02 16:04
CLP,Chile,Santiago de Chile,Paseo con raquetas de nieve por el Cajón del Maipo,,214.000 CL$,2 opiniones,79 viajeros,https://www.civitatis.com/es/santiago-de-chile/raquetas-nieve-cajon-maipo/,Civitatis,2026-02-02 16:04
CLP,Chile,Santiago de Chile,Experiencia gastronómica Amor y Pastas,,"122.001,22 CL$",2 opiniones,85 viajeros,https://www.civitatis.com/es/santiago-de-chile/taller-pasta-restaurante-amor-pastas/,Civitatis,2026-02-02 16:04
CLP,Chile,Santiago de Chile,Paseo a caballo por el Parque Yerba Loca,,221.000 CL$,1 opinión,26 viajeros,https://www.civitatis.com/es/santiago-de-chile/paseo-caballo-yerba-loca/,Civitatis,2026-02-02 16:04
CLP,Chile,Santiago de Chile,Trekking por La Parva,,220.000 CL$,1 opinión,15 viajeros,https://www.civitatis.com/es/santiago-de-chile/trekking-la-parva/,Civitatis,2026-02-02 16:04
CLP,Chile,Santiago de Chile,Visita a la Viña Tres Palacios,,"32.249,57 CL$",Sin valorar,34 viajeros,https://www.civitatis.com/es/santiago-de-chile/visita-vina-tres-palacios/,Civitatis,2026-02-02 16:04
CLP,Chile,Santiago de Chile,Excursión en helicóptero a Valle Nevado,,"487.429,28 CL$",2 opiniones,14 viajeros,https://www.civitatis.com/es/santiago-de-chile/excursion-helicoptero-valle-nevado/,Civitatis,2026-02-02 16:04
CLP,Chile,Santiago de Chile,Ruta de trekking de 2 días por La Parva,,420.000 CL$,Sin valorar,2 viajeros,https://www.civitatis.com/es/santiago-de-chile/trekking-2-dias-la-parva/,Civitatis,2026-02-02 16:04
CLP,Chile,Santiago de Chile,Excursión a El Colorado + Curso de esquí o de snowboard,,219.000 CL$,Novedad,,https://www.civitatis.com/es/santiago-de-chile/excursion-colorado-curso-esqui/,Civitatis,2026-02-02 16:04
CLP,Chile,Valparaíso,Tour de Valparaíso al completo,,60.000 CL$,32 opiniones,200 viajeros,https://www.civitatis.com/es/valparaiso/tour-valparaiso-completo/,Civitatis,2026-02-02 16:05
CLP,Chile,Valparaíso,Clase de cocina chilena con comida,,64.000 CL$,9 opiniones,54 viajeros,https://www.civitatis.com/es/valparaiso/clase-cocina-chilena/,Civitatis,2026-02-02 16:05
CLP,Chile,Valparaíso,Free tour por Barrio Puerto y el Cerro Concepción,,¡Gratis!,176 opiniones,3.222 viajeros,https://www.civitatis.com/es/valparaiso/free-tour-barrio-puerto-cerro-cordillera/,Civitatis,2026-02-02 16:05
CLP,Chile,Valparaíso,Free tour de los miradores y paseos de Valparaíso,,¡Gratis!,351 opiniones,7.485 viajeros,https://www.civitatis.com/es/valparaiso/free-tour-ascensores-paseos-valparaiso/,Civitatis,2026-02-02 16:05
CLP,Chile,Valparaíso,Free tour por el Cerro Playa Ancha,,¡Gratis!,18 opiniones,225 viajeros,https://www.civitatis.com/es/valparaiso/tour-cerro-playa-ancha/,Civitatis,2026-02-02 16:05
CLP,Chile,Valparaíso,Visita guiada por Valparaíso + Paseo en barco,,"55.284,98 CL$",Sin valorar,2 viajeros,https://www.civitatis.com/es/valparaiso/visita-guiada-valparaiso-paseo-barco/,Civitatis,2026-02-02 16:05
CLP,Chile,Valparaíso,Tour de los ascensores de Valparaíso,,30.000 CL$,26 opiniones,181 viajeros,https://www.civitatis.com/es/valparaiso/tour-ascensores-valparaiso/,Civitatis,2026-02-02 16:05
CLP,Chile,Valparaíso,Visita guiada por Valparaíso,,30.000 CL$,21 opiniones,147 viajeros,https://www.civitatis.com/es/valparaiso/visita-guiada-valparaiso/,Civitatis,2026-02-02 16:05
CLP,Chile,Valparaíso,"La Sebastiana, Biblioteca Santiago Severín, Catedral y Museo de Historia Natural",,15.000 CL$,Novedad,3 viajeros,https://www.civitatis.com/es/valparaiso/sebastiana-biblioteca-catedral-museo-historia-natural/,Civitatis,2026-02-02 16:05
CLP,Chile,Valparaíso,Tour por Valparaíso y Viña del Mar,,140.000 CL$,18 opiniones,174 viajeros,https://www.civitatis.com/es/valparaiso/excursion-vina-del-mar/,Civitatis,2026-02-02 16:05
CLP,Chile,Valparaíso,Tarjeta eSIM Civitatis Chile,,"4.607,08 CL$",41 opiniones,821 viajeros,https://www.civitatis.com/es/tarjeta-esim-chile/,Civitatis,2026-02-02 16:05
CLP,Chile,Valparaíso,"Excursión a Isla Negra, Algarrobo y Quintay",,160.000 CL$,4 opiniones,72 viajeros,https://www.civitatis.com/es/valparaiso/excursion-isla-negra-pueblos-valparaiso/,Civitatis,2026-02-02 16:05
CLP,Chile,Valparaíso,Tour del arte urbano por Valparaíso,,26.000 CL$,7 opiniones,69 viajeros,https://www.civitatis.com/es/valparaiso/tour-arte-urbano-valparaiso/,Civitatis,2026-02-02 16:05
CLP,Chile,Valparaíso,Avistamiento de pingüinos en la isla Cachagua,,135.000 CL$,2 opiniones,70 viajeros,https://www.civitatis.com/es/valparaiso/avistamiento-pinguinos-isla-cachagua/,Civitatis,2026-02-02 16:05
CLP,Chile,Valparaíso,Tour de Pablo Neruda,,"55.284,98 CL$",3 opiniones,28 viajeros,https://www.civitatis.com/es/valparaiso/tour-pablo-neruda/,Civitatis,2026-02-02 16:05
CLP,Chile,Valparaíso,Contrastes de Valparaíso,,64.000 CL$,2 opiniones,13 viajeros,https://www.civitatis.com/es/valparaiso/contrastes-valparaiso/,Civitatis,2026-02-02 16:05
CLP,Chile,Valparaíso,Senderismo por el Parque Nacional La Campana,,61.250 CL$,3 opiniones,11 viajeros,https://www.civitatis.com/es/valparaiso/senderismo-parque-campana/,Civitatis,2026-02-02 16:05
CLP,Chile,Valparaíso,Tour gastronómico por Valparaíso,,45.000 CL$,3 opiniones,22 viajeros,https://www.civitatis.com/es/valparaiso/tour-gastronomico-valparaiso/,Civitatis,2026-02-02 16:05
CLP,Chile,Valparaíso,Tour por Valparaíso para cruceros,,60.000 CL$,1 opinión,9 viajeros,https://www.civitatis.com/es/valparaiso/tour-valparaiso-cruceros/,Civitatis,2026-02-02 16:05
CLP,Chile,Valparaíso,Tour por el Valparaíso alternativo,,30.000 CL$,2 opiniones,6 viajeros,https://www.civitatis.com/es/valparaiso/tour-valparaiso-alternativo/,Civitatis,2026-02-02 16:05
CLP,Chile,Valparaíso,Visita a una bodega del Valle de Casablanca,,"138.212,46 CL$",Novedad,1 viajero,https://www.civitatis.com/es/valparaiso/visita-bodega-valle-casablanca/,Civitatis,2026-02-02 16:05
CLP,Chile,Valparaíso,Tour por el Parque Nacional La Campana con 2 noches de alojamiento,,158.000 CL$,Sin valorar,,https://www.civitatis.com/es/valparaiso/tour-parque-campana/,Civitatis,2026-02-02 16:05
CLP,Chile,Valparaíso,Visita guiada por Valparaíso + Paseo en trolebús,,30.000 CL$,Sin valorar,,https://www.civitatis.com/es/valparaiso/visita-guiada-valparaiso-paseo-trolebus/,Civitatis,2026-02-02 16:05
CLP,Chile,Valparaíso,Tour de la música por Valparaíso,,50.000 CL$,Sin valorar,,https://www.civitatis.com/es/valparaiso/tour-musica-valparaiso/,Civitatis,2026-02-02 16:05
CLP,Chile,Valparaíso,Tour por la costa norte de Valparaíso,,150.000 CL$,Sin valorar,6 viajeros,https://www.civitatis.com/es/valparaiso/tour-costa-norte-valparaiso/,Civitatis,2026-02-02 16:05
CLP,Chile,Valparaíso,Tour de la cerveza por Valparaíso,,40.000 CL$,Sin valorar,,https://www.civitatis.com/es/valparaiso/tour-cerveza-valparaiso/,Civitatis,2026-02-02 16:05
CLP,Chile,Puerto Varas,"Isla de Chiloé: Chacao, Ancud y pingüinos de Puñihuil",,45.000 CL$,29 opiniones,431 viajeros,https://www.civitatis.com/es/puerto-varas/tour-pinguinos-chiloe/,Civitatis,2026-02-02 16:05
CLP,Chile,Puerto Varas,Tour por Puerto Varas y Puerto Montt,,27.694 CL$,34 opiniones,604 viajeros,https://www.civitatis.com/es/puerto-varas/tour-puerto-varas-puerto-montt/,Civitatis,2026-02-02 16:05
CLP,Chile,Puerto Varas,"Excursión a Chacao, Ancud y las playas de Chiloé",,56.094 CL$,10 opiniones,176 viajeros,https://www.civitatis.com/es/puerto-varas/tour-ancud-chiloe/,Civitatis,2026-02-02 16:05
CLP,Chile,Puerto Varas,"Isla de Chiloé: Chacao, Castro y Dalcahue",,45.000 CL$,116 opiniones,926 viajeros,https://www.civitatis.com/es/puerto-varas/excursion-isla-chiloe/,Civitatis,2026-02-02 16:05
CLP,Chile,Puerto Varas,Excursión a los Saltos de Petrohué y volcán Osorno,,35.000 CL$,151 opiniones,1.642 viajeros,https://www.civitatis.com/es/puerto-varas/excursion-saltos-petrohue-volcan-osorno/,Civitatis,2026-02-02 16:05
CLP,Chile,Puerto Varas,Cruce andino por los lagos de la cordillera de los Andes,,"235.882,60 CL$",30 opiniones,538 viajeros,https://www.civitatis.com/es/puerto-varas/cruce-andino-lagos/,Civitatis,2026-02-02 16:05
CLP,Chile,Puerto Varas,Tour por el lago Todos los Santos y Villa Peulla,,31.000 CL$,71 opiniones,733 viajeros,https://www.civitatis.com/es/puerto-varas/tour-lago-todos-santos/,Civitatis,2026-02-02 16:05
CLP,Chile,Puerto Varas,Excursión a Frutillar,,25.000 CL$,26 opiniones,402 viajeros,https://www.civitatis.com/es/puerto-varas/excursion-frutillar-puerto-octay/,Civitatis,2026-02-02 16:05
CLP,Chile,Puerto Varas,Excursión a Cochamó y Termas del Sol,,40.000 CL$,35 opiniones,356 viajeros,https://www.civitatis.com/es/puerto-varas/excursion-cochamo-termas-sol/,Civitatis,2026-02-02 16:05
CLP,Chile,Puerto Varas,Excursión privada desde Puerto Varas,,177.586 CL$,2 opiniones,95 viajeros,https://www.civitatis.com/es/puerto-varas/excursion-privada-puerto-varas/,Civitatis,2026-02-02 16:05
CLP,Chile,Puerto Varas,Tour por los pueblos de la Carretera Austral,,42.000 CL$,18 opiniones,286 viajeros,https://www.civitatis.com/es/puerto-varas/tour-pueblos-carretera-austral/,Civitatis,2026-02-02 16:05
CLP,Chile,Puerto Varas,Tarjeta eSIM Civitatis Chile,,"4.607,08 CL$",41 opiniones,821 viajeros,https://www.civitatis.com/es/tarjeta-esim-chile/,Civitatis,2026-02-02 16:05
CLP,Chile,Puerto Varas,Tour por los pueblos del lago Llanquihue,,45.000 CL$,28 opiniones,316 viajeros,https://www.civitatis.com/es/puerto-varas/tour-lago-llanquihue/,Civitatis,2026-02-02 16:05
CLP,Chile,Puerto Varas,Excursión al estuario de Reloncaví y el lago Tagua Tagua,,45.000 CL$,18 opiniones,208 viajeros,https://www.civitatis.com/es/puerto-varas/excursion-estuario-reloncavi-lago-tagua/,Civitatis,2026-02-02 16:05
CLP,Chile,Puerto Varas,Excursión al volcán Osorno,,30.000 CL$,22 opiniones,196 viajeros,https://www.civitatis.com/es/puerto-varas/excursion-volcan-osorno/,Civitatis,2026-02-02 16:05
CLP,Chile,Puerto Varas,Excursión privada a Valdivia,,562.214 CL$,1 opinión,24 viajeros,https://www.civitatis.com/es/puerto-varas/excursion-valdivia/,Civitatis,2026-02-02 16:05
CLP,Chile,Puerto Varas,Senderismo por el Parque Nacional Alerce Andino,,60.000 CL$,4 opiniones,56 viajeros,https://www.civitatis.com/es/puerto-varas/senderismo-parque-alerce-andino/,Civitatis,2026-02-02 16:05
CLP,Chile,Puerto Varas,"Tour privado por Puerto Varas, Nueva Braunau y Lahuen Ñadi",,196.867 CL$,Sin valorar,18 viajeros,https://www.civitatis.com/es/puerto-varas/puerto-varas-nueva-braunau-lahuen-nadi/,Civitatis,2026-02-02 16:05
CLP,Chile,Puerto Varas,Excursión privada a la isla Calbuco,,343.534 CL$,Sin valorar,4 viajeros,https://www.civitatis.com/es/puerto-varas/excursion-isla-calbuco/,Civitatis,2026-02-02 16:05
CLP,Chile,Puerto Varas,Tour por Maullín + Avistamiento de aves en Quenuir Bajo,,130.000 CL$,Sin valorar,1 viajero,https://www.civitatis.com/es/puerto-varas/maullin-avistamiento-aves-quenuir-bajo/,Civitatis,2026-02-02 16:05
CLP,Chile,Puerto Varas,"Cascada La Escondida, Coihue de los Columpios y Cochamó",,49.000 CL$,5 opiniones,79 viajeros,https://www.civitatis.com/es/puerto-varas/cascada-escondida-coihue-columpios-cochamo/,Civitatis,2026-02-02 16:05
CLP,Chile,Puerto Varas,Tour privado por Puerto Varas y Puerto Montt,,142.787 CL$,2 opiniones,90 viajeros,https://www.civitatis.com/es/puerto-varas/tour-privado-puerto-varas-puerto-montt/,Civitatis,2026-02-02 16:05
CLP,Chile,Puerto Varas,Tour de 11 días en bicicleta por la Carretera Austral Norte,,2.375.000 CL$,Sin valorar,,https://www.civitatis.com/es/puerto-varas/11-dias-bicicleta-carretera-austral-norte/,Civitatis,2026-02-02 16:05
CLP,Chile,Punta Arenas,Excursión al Fuerte Bulnes para cruceros,,"64.499,14 CL$",Sin valorar,15 viajeros,https://www.civitatis.com/es/punta-arenas/excursion-fuerte-bulnes-cruceros/,Civitatis,2026-02-02 16:05
CLP,Chile,Punta Arenas,Excursión a la isla Magdalena,,96.000 CL$,9 opiniones,189 viajeros,https://www.civitatis.com/es/punta-arenas/excursion-isla-magdalena/,Civitatis,2026-02-02 16:05
CLP,Chile,Punta Arenas,Excursión a las islas Magdalena y Marta en lancha rápida,,"119.784,13 CL$",125 opiniones,1.672 viajeros,https://www.civitatis.com/es/punta-arenas/excursion-islas-magdalena-marta/,Civitatis,2026-02-02 16:05
CLP,Chile,Punta Arenas,Avistamiento de ballenas en el estrecho de Magallanes,,"336.316,98 CL$",36 opiniones,452 viajeros,https://www.civitatis.com/es/punta-arenas/avistamiento-ballenas-estrecho-magallanes/,Civitatis,2026-02-02 16:05
CLP,Chile,Punta Arenas,Traslados en Punta Arenas,,26.670 CL$,114 opiniones,1.834 viajeros,https://www.civitatis.com/es/punta-arenas/traslados/,Civitatis,2026-02-02 16:05
CLP,Chile,Punta Arenas,Tour por la Reserva Nacional Magallanes,,35.000 CL$,34 opiniones,450 viajeros,https://www.civitatis.com/es/punta-arenas/tour-reserva-nacional-magallanes/,Civitatis,2026-02-02 16:05
CLP,Chile,Punta Arenas,Excursión a la isla Tierra del Fuego,,95.000 CL$,121 opiniones,1.400 viajeros,https://www.civitatis.com/es/punta-arenas/excursion-isla-tierra-fuego/,Civitatis,2026-02-02 16:05
CLP,Chile,Punta Arenas,Excursión al Fuerte Bulnes,,35.000 CL$,46 opiniones,367 viajeros,https://www.civitatis.com/es/punta-arenas/excursion-fuerte-bulnes/,Civitatis,2026-02-02 16:05
CLP,Chile,Punta Arenas,Free tour por Punta Arenas,,¡Gratis!,14 opiniones,269 viajeros,https://www.civitatis.com/es/punta-arenas/free-tour-punta-arenas/,Civitatis,2026-02-02 16:05
CLP,Chile,Punta Arenas,Excursión al Parque Nacional Torres del Paine,,85.000 CL$,116 opiniones,1.027 viajeros,https://www.civitatis.com/es/punta-arenas/excursion-parque-torres-paine/,Civitatis,2026-02-02 16:05
CLP,Chile,Punta Arenas,Excursión a Torres del Paine + Paseo en barco por el lago Grey,,240.000 CL$,25 opiniones,546 viajeros,https://www.civitatis.com/es/punta-arenas/excursion-torres-paine-barco-lago-grey/,Civitatis,2026-02-02 16:05
CLP,Chile,Punta Arenas,Trekking por las Torres del Paine,,95.000 CL$,28 opiniones,481 viajeros,https://www.civitatis.com/es/punta-arenas/trekking-torres-paine/,Civitatis,2026-02-02 16:05
CLP,Chile,Punta Arenas,Tarjeta eSIM Civitatis Chile,,"4.607,08 CL$",41 opiniones,821 viajeros,https://www.civitatis.com/es/tarjeta-esim-chile/,Civitatis,2026-02-02 16:05
CLP,Chile,Punta Arenas,Visita guiada por Punta Arenas,,35.000 CL$,43 opiniones,475 viajeros,https://www.civitatis.com/es/punta-arenas/visita-guiada-punta-arenas/,Civitatis,2026-02-02 16:05
CLP,Chile,Punta Arenas,Excursión al faro San Isidro,,80.000 CL$,21 opiniones,145 viajeros,https://www.civitatis.com/es/punta-arenas/excursion-faro-san-isidro/,Civitatis,2026-02-02 16:05
CLP,Chile,Punta Arenas,Excursión al Parque Nacional Pali Aike,,80.000 CL$,4 opiniones,145 viajeros,https://www.civitatis.com/es/punta-arenas/excursion-parque-pali-aike/,Civitatis,2026-02-02 16:05
CLP,Chile,Punta Arenas,Avistamiento de delfines en el estrecho de Magallanes,,120.000 CL$,2 opiniones,68 viajeros,https://www.civitatis.com/es/punta-arenas/avistamiento-delfines-estrecho-magallanes/,Civitatis,2026-02-02 16:05
CLP,Chile,Punta Arenas,Trekking por el Monte Tarn,,110.000 CL$,Sin valorar,48 viajeros,https://www.civitatis.com/es/punta-arenas/trekking-monte-tarn/,Civitatis,2026-02-02 16:05
CLP,Chile,Punta Arenas,Tour por Punta Arenas para cruceros,,"55.284,98 CL$",Sin valorar,20 viajeros,https://www.civitatis.com/es/punta-arenas/tour-punta-arenas-cruceros/,Civitatis,2026-02-02 16:05
CLP,Chile,Punta Arenas,Paseo a caballo por la bahía de Agua Fresca,,85.000 CL$,1 opinión,11 viajeros,https://www.civitatis.com/es/punta-arenas/paseo-caballo-bahia-agua-fresca/,Civitatis,2026-02-02 16:05
CLP,Chile,Punta Arenas,Excursión a la isla Magdalena para cruceros,,180.000 CL$,Sin valorar,28 viajeros,https://www.civitatis.com/es/punta-arenas/excursion-isla-magdalena-cruceros/,Civitatis,2026-02-02 16:05
CLP,Chile,Punta Arenas,Paseo en barco al cabo Froward + Trekking a la Cruz de los Mares,,210.000 CL$,1 opinión,53 viajeros,https://www.civitatis.com/es/punta-arenas/barco-cabo-froward-trekking-cruz-mares/,Civitatis,2026-02-02 16:05
CLP,Chile,Punta Arenas,Excursión a la Antártida en avión,,"6.081.348,29 CL$",Novedad,,https://www.civitatis.com/es/punta-arenas/excursion-antartida/,Civitatis,2026-02-02 16:05
CLP,Chile,Puerto Natales,Trekking por el Cerro Benítez,,75.000 CL$,Sin valorar,20 viajeros,https://www.civitatis.com/es/puerto-natales/trekking-cerro-benitez/,Civitatis,2026-02-02 16:05
CLP,Chile,Puerto Natales,Crucero por los glaciares de Balmaceda y Serrano + Asado magallánico,,210.000 CL$,36 opiniones,554 viajeros,https://www.civitatis.com/es/puerto-natales/crucero-glaciares-balmaceda-serrano/,Civitatis,2026-02-02 16:05
CLP,Chile,Puerto Natales,Trekking por las Torres del Paine,,95.000 CL$,28 opiniones,481 viajeros,https://www.civitatis.com/es/puerto-natales/trekking-torres-paine/,Civitatis,2026-02-02 16:05
CLP,Chile,Puerto Natales,Excursión al Parque Nacional Torres del Paine,,80.000 CL$,164 opiniones,2.059 viajeros,https://www.civitatis.com/es/puerto-natales/excursion-torres-paine/,Civitatis,2026-02-02 16:05
CLP,Chile,Puerto Natales,Excursión a los glaciares Balmaceda y Serrano en barco,,120.000 CL$,1 opinión,51 viajeros,https://www.civitatis.com/es/puerto-natales/excursion-glaciares-balmaceda-serrano-barco/,Civitatis,2026-02-02 16:05
CLP,Chile,Puerto Natales,Traslados en Puerto Natales,,226.700 CL$,3 opiniones,155 viajeros,https://www.civitatis.com/es/puerto-natales/traslados/,Civitatis,2026-02-02 16:05
CLP,Chile,Puerto Natales,Excursión a Torres del Paine + Paseo en barco por el lago Grey,,230.000 CL$,14 opiniones,367 viajeros,https://www.civitatis.com/es/puerto-natales/excursion-torres-paine-lago-grey/,Civitatis,2026-02-02 16:05
CLP,Chile,Puerto Natales,Trekking de 5 días por el Parque Nacional Torres del Paine,,1.780.000 CL$,3 opiniones,8 viajeros,https://www.civitatis.com/es/puerto-natales/trekking-5-dias-torres-paine/,Civitatis,2026-02-02 16:05
CLP,Chile,Puerto Natales,Excursión privada de avistamiento de pumas,,840.000 CL$,Sin valorar,6 viajeros,https://www.civitatis.com/es/puerto-natales/avistamiento-pumas-torres-paine/,Civitatis,2026-02-02 16:05
CLP,Chile,Puerto Natales,Trekking por la Sierra Baguales,,125.000 CL$,Sin valorar,7 viajeros,https://www.civitatis.com/es/puerto-natales/trekking-sierra-baguales/,Civitatis,2026-02-02 16:05
CLP,Chile,Puerto Natales,Tarjeta eSIM Civitatis Chile,,"4.607,08 CL$",41 opiniones,821 viajeros,https://www.civitatis.com/es/tarjeta-esim-chile/,Civitatis,2026-02-02 16:05
CLP,Chile,San Pedro de Atacama,Excursión al Valle de la Luna,"39.620,90 CL$","33.677,76 CL$",60 opiniones,967 viajeros,https://www.civitatis.com/es/san-pedro-de-atacama/excursion-valle-luna/,Civitatis,2026-02-02 16:05
CLP,Chile,San Pedro de Atacama,Excursión a las Lagunas Escondidas de Baltinache,,60.000 CL$,55 opiniones,842 viajeros,https://www.civitatis.com/es/san-pedro-de-atacama/excursion-lagunas-escondidas-baltinache/,Civitatis,2026-02-02 16:05
CLP,Chile,San Pedro de Atacama,"Piedras Rojas, Salar de Atacama y lagos del altiplano",,70.000 CL$,234 opiniones,3.761 viajeros,https://www.civitatis.com/es/san-pedro-de-atacama/piedras-rojas-salar-atacama/,Civitatis,2026-02-02 16:05
CLP,Chile,San Pedro de Atacama,Excursión a los géiseres de El Tatio y Laguna Machuca,,50.000 CL$,179 opiniones,3.588 viajeros,https://www.civitatis.com/es/san-pedro-de-atacama/excursion-el-tatio-machuca/,Civitatis,2026-02-02 16:05
CLP,Chile,San Pedro de Atacama,Observación de estrellas en el desierto de Atacama,,35.000 CL$,78 opiniones,1.582 viajeros,https://www.civitatis.com/es/san-pedro-de-atacama/observacion-estrellas-desierto-atacama/,Civitatis,2026-02-02 16:05
CLP,Chile,San Pedro de Atacama,Excursión a la Cordillera de la Sal,,45.000 CL$,68 opiniones,1.191 viajeros,https://www.civitatis.com/es/san-pedro-de-atacama/excursion-cordillera-sal/,Civitatis,2026-02-02 16:05
CLP,Chile,San Pedro de Atacama,Traslados en San Pedro de Atacama,,126.750 CL$,9 opiniones,400 viajeros,https://www.civitatis.com/es/san-pedro-de-atacama/traslados/,Civitatis,2026-02-02 16:05
CLP,Chile,San Pedro de Atacama,"Excursión a la laguna Cejar, Tebenquiche y los Ojos del Salar",,45.000 CL$,59 opiniones,1.257 viajeros,https://www.civitatis.com/es/san-pedro-de-atacama/excursion-laguna-cejar-ojos-salar/,Civitatis,2026-02-02 16:05
CLP,Chile,San Pedro de Atacama,Transporte entre el aeropuerto de Calama y San Pedro de Atacama,,17.500 CL$,503 opiniones,7.835 viajeros,https://www.civitatis.com/es/san-pedro-de-atacama/transporte-aeropuerto-calama-san-pedro-atacama/,Civitatis,2026-02-02 16:05
CLP,Chile,San Pedro de Atacama,Excursión de 4 días al Salar de Uyuni,,330.000 CL$,7 opiniones,197 viajeros,https://www.civitatis.com/es/san-pedro-de-atacama/excursion-4-dias-salar-uyuni/,Civitatis,2026-02-02 16:05
CLP,Chile,San Pedro de Atacama,Excursión al valle del Arcoíris,,45.000 CL$,39 opiniones,961 viajeros,https://www.civitatis.com/es/san-pedro-de-atacama/excursion-valle-arcoiris/,Civitatis,2026-02-02 16:05
CLP,Chile,San Pedro de Atacama,Excursión a las termas de Puritama,,70.000 CL$,12 opiniones,175 viajeros,https://www.civitatis.com/es/san-pedro-de-atacama/excursion-termas-puritama/,Civitatis,2026-02-02 16:05
CLP,Chile,San Pedro de Atacama,Tarjeta eSIM Civitatis Chile,,"4.607,08 CL$",41 opiniones,821 viajeros,https://www.civitatis.com/es/tarjeta-esim-chile/,Civitatis,2026-02-02 16:05
CLP,Chile,San Pedro de Atacama,Ruta de los Salares,,65.000 CL$,15 opiniones,437 viajeros,https://www.civitatis.com/es/san-pedro-de-atacama/licancabur-salar-aguas-calientes-quisquiro/,Civitatis,2026-02-02 16:05
CLP,Chile,San Pedro de Atacama,Paseo en globo por San Pedro de Atacama,,319.000 CL$,25 opiniones,167 viajeros,https://www.civitatis.com/es/san-pedro-de-atacama/paseo-globo-san-pedro-atacama/,Civitatis,2026-02-02 16:05
CLP,Chile,San Pedro de Atacama,Senderismo por la quebrada del río Puritama,,40.000 CL$,10 opiniones,164 viajeros,https://www.civitatis.com/es/san-pedro-de-atacama/senderismo-quebrada-rio-puritama/,Civitatis,2026-02-02 16:05
CLP,Chile,San Pedro de Atacama,Sandboarding en el Valle de la Muerte,,"77.016,55 CL$",1 opinión,13 viajeros,https://www.civitatis.com/es/san-pedro-de-atacama/sandboarding-valle-muerte/,Civitatis,2026-02-02 16:05
CLP,Chile,San Pedro de Atacama,Trekking por el volcán Cerro Toco,,"146.856,57 CL$",2 opiniones,40 viajeros,https://www.civitatis.com/es/san-pedro-de-atacama/trekking-volcan-cerro-toco/,Civitatis,2026-02-02 16:05
CLP,Chile,San Pedro de Atacama,Trekking por Purilibre,,48.000 CL$,1 opinión,4 viajeros,https://www.civitatis.com/es/san-pedro-de-atacama/trekking-purilibre/,Civitatis,2026-02-02 16:05
CLP,Chile,San Pedro de Atacama,Tour en bicicleta por la Garganta del Diablo,,"57.762,41 CL$",Novedad,14 viajeros,https://www.civitatis.com/es/san-pedro-de-atacama/tour-bicicleta-garganta-diablo/,Civitatis,2026-02-02 16:05
CLP,Chile,Isla de Pascua,Excursión a Orongo y volcán Rano Kau,,52.800 CL$,30 opiniones,287 viajeros,https://www.civitatis.com/es/isla-de-pascua/excursion-orongo-volcan-rano-kau/,Civitatis,2026-02-02 16:05
CLP,Chile,Isla de Pascua,Excursión a Ahu Akivi,,52.800 CL$,16 opiniones,220 viajeros,https://www.civitatis.com/es/isla-de-pascua/excursion-ahu-akivi/,Civitatis,2026-02-02 16:05
CLP,Chile,Isla de Pascua,Snorkel en la playa de Ovahe,,"82.927,47 CL$",Sin valorar,9 viajeros,https://www.civitatis.com/es/isla-de-pascua/snorkel-playa-ovahe/,Civitatis,2026-02-02 16:05
CLP,Chile,Isla de Pascua,"Excursión a Rano Raraku, Ahu Tongariki y Anakena",,75.000 CL$,7 opiniones,137 viajeros,https://www.civitatis.com/es/isla-de-pascua/excursion-rano-raraku-ahu-tongariki-anakena/,Civitatis,2026-02-02 16:05
CLP,Chile,Isla de Pascua,Taller de tallado de moái en madera,,"92.141,64 CL$",Sin valorar,11 viajeros,https://www.civitatis.com/es/isla-de-pascua/taller-tallado-moais-madera/,Civitatis,2026-02-02 16:05
CLP,Chile,Isla de Pascua,Traslados en Isla de Pascua,,"122.548,38 CL$",Novedad,36 viajeros,https://www.civitatis.com/es/isla-de-pascua/traslados/,Civitatis,2026-02-02 16:05
CLP,Chile,Isla de Pascua,"Excursión a Rano Kau, Orongo, Vinapu y Ahu Akivi",,75.000 CL$,8 opiniones,117 viajeros,https://www.civitatis.com/es/isla-de-pascua/rano-kau-orongo-vinapu-ahu-akivi/,Civitatis,2026-02-02 16:05
CLP,Chile,Isla de Pascua,Tour por la Isla de Pascua y la playa de Anakena,,81.400 CL$,51 opiniones,447 viajeros,https://www.civitatis.com/es/isla-de-pascua/tour-isla-de-pascua-anakena/,Civitatis,2026-02-02 16:05
CLP,Chile,Isla de Pascua,Tour privado por la Isla de Pascua,,"138.212,46 CL$",4 opiniones,79 viajeros,https://www.civitatis.com/es/isla-de-pascua/tour-privado-isla-pascua/,Civitatis,2026-02-02 16:05
CLP,Chile,Isla de Pascua,Tour privado de pesca por la costa de Hanga Roa,,"138.212,46 CL$",Sin valorar,5 viajeros,https://www.civitatis.com/es/isla-de-pascua/pesca-costa-hanga-roa/,Civitatis,2026-02-02 16:05
CLP,Chile,Isla de Pascua,Tarjeta eSIM Civitatis Chile,,"4.607,08 CL$",41 opiniones,821 viajeros,https://www.civitatis.com/es/tarjeta-esim-chile/,Civitatis,2026-02-02 16:05
CLP,Chile,Viña del Mar,Avistamiento de pingüinos en la isla Cachagua,,135.000 CL$,5 opiniones,84 viajeros,https://www.civitatis.com/es/vina-mar/avistamiento-pinguinos-isla-cachagua/,Civitatis,2026-02-02 16:06
CLP,Chile,Viña del Mar,Tour por los palacios Vergara y Rioja,,15.000 CL$,2 opiniones,4 viajeros,https://www.civitatis.com/es/vina-mar/tour-palacios-vergara-rioja/,Civitatis,2026-02-02 16:06
CLP,Chile,Viña del Mar,Sandboarding en las dunas de Concón,,"54.654,27 CL$",20 opiniones,204 viajeros,https://www.civitatis.com/es/vina-mar/sandboarding-dunas-concon/,Civitatis,2026-02-02 16:06
CLP,Chile,Viña del Mar,Visita guiada por Viña del Mar,,"27.642,49 CL$",3 opiniones,48 viajeros,https://www.civitatis.com/es/vina-mar/visita-guiada-vina-mar/,Civitatis,2026-02-02 16:06
CLP,Chile,Viña del Mar,"Excursión a Isla Negra, Algarrobo y Quintay",,160.000 CL$,4 opiniones,72 viajeros,https://www.civitatis.com/es/vina-mar/excursion-isla-negra-pueblos-valparaiso/,Civitatis,2026-02-02 16:06
CLP,Chile,Viña del Mar,Senderismo por el Parque Nacional La Campana,,61.250 CL$,3 opiniones,11 viajeros,https://www.civitatis.com/es/vina-mar/senderismo-parque-campana/,Civitatis,2026-02-02 16:06
CLP,Chile,Viña del Mar,Tour en bicicleta por Viña del Mar y Valparaíso,,"64.499,14 CL$",3 opiniones,25 viajeros,https://www.civitatis.com/es/vina-mar/tour-bicicleta-vina-mar-valparaiso/,Civitatis,2026-02-02 16:06
CLP,Chile,Viña del Mar,Tour por el Parque Nacional La Campana con 2 noches de alojamiento,,158.000 CL$,Sin valorar,,https://www.civitatis.com/es/vina-mar/tour-parque-campana/,Civitatis,2026-02-02 16:06
CLP,Chile,Viña del Mar,Free tour por los museos y palacios de Viña del Mar,,¡Gratis!,20 opiniones,622 viajeros,https://www.civitatis.com/es/vina-mar/free-tour-museos-palacios-vina-mar/,Civitatis,2026-02-02 16:06
CLP,Chile,Viña del Mar,Tour en bicicleta por Viña del Mar,,"64.499,14 CL$",1 opinión,11 viajeros,https://www.civitatis.com/es/vina-mar/tour-bicicleta-vina-mar/,Civitatis,2026-02-02 16:06
CLP,Chile,Viña del Mar,Tarjeta eSIM Civitatis Chile,,"4.607,08 CL$",41 opiniones,821 viajeros,https://www.civitatis.com/es/tarjeta-esim-chile/,Civitatis,2026-02-02 16:06
CLP,Chile,Viña del Mar,Tour por la costa norte de Valparaíso,,150.000 CL$,Sin valorar,6 viajeros,https://www.civitatis.com/es/vina-mar/tour-costa-norte-valparaiso/,Civitatis,2026-02-02 16:06
CLP,Chile,Viña del Mar,Free tour de los miradores y paseos de Valparaíso,,¡Gratis!,351 opiniones,7.477 viajeros,https://www.civitatis.com/es/valparaiso/free-tour-ascensores-paseos-valparaiso/,Civitatis,2026-02-02 16:06
CLP,Chile,Viña del Mar,Tour de Valparaíso al completo,,60.000 CL$,32 opiniones,200 viajeros,https://www.civitatis.com/es/valparaiso/tour-valparaiso-completo/,Civitatis,2026-02-02 16:06
CLP,Chile,Viña del Mar,Clase de cocina chilena con comida,,64.000 CL$,9 opiniones,54 viajeros,https://www.civitatis.com/es/valparaiso/clase-cocina-chilena/,Civitatis,2026-02-02 16:06
CLP,Chile,Viña del Mar,Free tour por Barrio Puerto y el Cerro Concepción,,¡Gratis!,176 opiniones,3.222 viajeros,https://www.civitatis.com/es/valparaiso/free-tour-barrio-puerto-cerro-cordillera/,Civitatis,2026-02-02 16:06
CLP,Chile,Viña del Mar,Visita guiada por Valparaíso + Paseo en barco,,"55.284,98 CL$",Sin valorar,2 viajeros,https://www.civitatis.com/es/valparaiso/visita-guiada-valparaiso-paseo-barco/,Civitatis,2026-02-02 16:06
CLP,Chile,Viña del Mar,Tour de los ascensores de Valparaíso,,30.000 CL$,26 opiniones,181 viajeros,https://www.civitatis.com/es/valparaiso/tour-ascensores-valparaiso/,Civitatis,2026-02-02 16:06
CLP,Chile,Viña del Mar,Visita guiada por Valparaíso,,30.000 CL$,21 opiniones,147 viajeros,https://www.civitatis.com/es/valparaiso/visita-guiada-valparaiso/,Civitatis,2026-02-02 16:06
CLP,Chile,Viña del Mar,"La Sebastiana, Biblioteca Santiago Severín, Catedral y Museo de Historia Natural",,15.000 CL$,Novedad,3 viajeros,https://www.civitatis.com/es/valparaiso/sebastiana-biblioteca-catedral-museo-historia-natural/,Civitatis,2026-02-02 16:06
CLP,Chile,Puerto Montt,Tour por el lago Todos los Santos y Villa Peulla,,31.000 CL$,11 opiniones,143 viajeros,https://www.civitatis.com/es/puerto-montt/tour-lago-todos-santos/,Civitatis,2026-02-02 16:06
CLP,Chile,Puerto Montt,Tour por los pueblos del lago Llanquihue,,"31.386,70 CL$",11 opiniones,123 viajeros,https://www.civitatis.com/es/puerto-montt/tour-lago-llanquihue/,Civitatis,2026-02-02 16:06
CLP,Chile,Puerto Montt,Excursión a Frutillar,,30.240 CL$,20 opiniones,338 viajeros,https://www.civitatis.com/es/puerto-montt/excursion-frutillar/,Civitatis,2026-02-02 16:06
CLP,Chile,Puerto Montt,Excursión a los Saltos de Petrohué y volcán Osorno,,43.854 CL$,88 opiniones,859 viajeros,https://www.civitatis.com/es/puerto-montt/excursion-petrohue-osorno/,Civitatis,2026-02-02 16:06
CLP,Chile,Puerto Montt,Traslados en Puerto Montt,,"59.026,61 CL$",24 opiniones,403 viajeros,https://www.civitatis.com/es/puerto-montt/traslados/,Civitatis,2026-02-02 16:06
CLP,Chile,Puerto Montt,Senderismo por el Parque Nacional Alerce Andino,,60.000 CL$,3 opiniones,38 viajeros,https://www.civitatis.com/es/puerto-montt/senderismo-parque-alerce-andino/,Civitatis,2026-02-02 16:06
CLP,Chile,Puerto Montt,"Excursión a Chiloé: Quemchi, Dalcahue y Castro",,58.840 CL$,66 opiniones,547 viajeros,https://www.civitatis.com/es/puerto-montt/excursion-isla-chiloe/,Civitatis,2026-02-02 16:06
CLP,Chile,Puerto Montt,Tour por Puerto Varas y Puerto Montt,,27.694 CL$,34 opiniones,604 viajeros,https://www.civitatis.com/es/puerto-montt/tour-puerto-varas-puerto-montt/,Civitatis,2026-02-02 16:06
CLP,Chile,Puerto Montt,"Excursión a Chacao, Ancud y las playas de Chiloé",,56.094 CL$,10 opiniones,176 viajeros,https://www.civitatis.com/es/puerto-montt/tour-ancud-chiloe/,Civitatis,2026-02-02 16:06
CLP,Chile,Puerto Montt,Tour por los pueblos de la Carretera Austral,,42.000 CL$,18 opiniones,286 viajeros,https://www.civitatis.com/es/puerto-montt/tour-pueblos-carretera-austral/,Civitatis,2026-02-02 16:06
CLP,Chile,Puerto Montt,Excursión al estuario de Reloncaví y el lago Tagua Tagua,,45.000 CL$,18 opiniones,208 viajeros,https://www.civitatis.com/es/puerto-montt/excursion-estuario-reloncavi-lago-tagua/,Civitatis,2026-02-02 16:06
CLP,Chile,Puerto Montt,Tarjeta eSIM Civitatis Chile,,"4.607,08 CL$",41 opiniones,821 viajeros,https://www.civitatis.com/es/tarjeta-esim-chile/,Civitatis,2026-02-02 16:06
CLP,Chile,Puerto Montt,Excursión al volcán Osorno,,"28.746,70 CL$",9 opiniones,104 viajeros,https://www.civitatis.com/es/puerto-montt/excursion-volcan-osorno/,Civitatis,2026-02-02 16:06
CLP,Chile,Puerto Montt,Excursión privada a Valdivia,,562.214 CL$,1 opinión,24 viajeros,https://www.civitatis.com/es/puerto-montt/excursion-valdivia/,Civitatis,2026-02-02 16:06
CLP,Chile,Puerto Montt,"Tour privado por Puerto Varas, Nueva Braunau y Lahuen Ñadi",,196.867 CL$,Sin valorar,18 viajeros,https://www.civitatis.com/es/puerto-montt/puerto-varas-nueva-braunau-lahuen-nadi/,Civitatis,2026-02-02 16:06
CLP,Chile,Puerto Montt,Excursión a las Termas del Sol,,55.214 CL$,Sin valorar,43 viajeros,https://www.civitatis.com/es/puerto-montt/excursion-ralun-cochamo-termas-sol/,Civitatis,2026-02-02 16:06
CLP,Chile,Puerto Montt,Excursión privada a la isla Calbuco,,343.534 CL$,Sin valorar,4 viajeros,https://www.civitatis.com/es/puerto-montt/excursion-isla-calbuco/,Civitatis,2026-02-02 16:06
CLP,Chile,Puerto Montt,Avistamiento de aves en la Carretera Austral,,40.000 CL$,Sin valorar,2 viajeros,https://www.civitatis.com/es/puerto-montt/avistamiento-aves-carretera-austral/,Civitatis,2026-02-02 16:06
CLP,Chile,Puerto Montt,Tour por Maullín + Avistamiento de aves en Quenuir Bajo,,130.000 CL$,Sin valorar,1 viajero,https://www.civitatis.com/es/puerto-montt/maullin-avistamiento-aves-quenuir-bajo/,Civitatis,2026-02-02 16:06
CLP,Chile,Puerto Montt,Excursión a los Saltos de Petrohué y Puerto Varas para cruceros,,"82.927,47 CL$",Sin valorar,19 viajeros,https://www.civitatis.com/es/puerto-montt/excursion-petrohue-puerto-varas-cruceros/,Civitatis,2026-02-02 16:06
CLP,Chile,Puerto Montt,"Cascada La Escondida, Coihue de los Columpios y Cochamó",,49.000 CL$,5 opiniones,79 viajeros,https://www.civitatis.com/es/puerto-montt/cascada-escondida-coihue-columpios-cochamo/,Civitatis,2026-02-02 16:06
CLP,Chile,Puerto Montt,Tour privado por Puerto Varas y Puerto Montt,,142.787 CL$,2 opiniones,90 viajeros,https://www.civitatis.com/es/puerto-montt/tour-privado-puerto-varas-puerto-montt/,Civitatis,2026-02-02 16:06
CLP,Chile,Puerto Montt,Excursión privada desde Puerto Montt,,190.947 CL$,4 opiniones,52 viajeros,https://www.civitatis.com/es/puerto-montt/excursion-privada-puerto-montt/,Civitatis,2026-02-02 16:06
CLP,Chile,Pucón,Excursión a la Reserva Huilo Huilo,,75.000 CL$,9 opiniones,112 viajeros,https://www.civitatis.com/es/pucon/excursion-reserva-huilo-huilo/,Civitatis,2026-02-02 16:06
CLP,Chile,Pucón,Trekking por los cráteres parásitos,,65.000 CL$,2 opiniones,37 viajeros,https://www.civitatis.com/es/pucon/trekking-crateres-parasitos/,Civitatis,2026-02-02 16:06
CLP,Chile,Pucón,Excursión a las Termas Geométricas,,90.000 CL$,10 opiniones,134 viajeros,https://www.civitatis.com/es/pucon/excursion-termas-geometricas/,Civitatis,2026-02-02 16:06
CLP,Chile,Pucón,Tour panorámico por Pucón,,70.000 CL$,4 opiniones,47 viajeros,https://www.civitatis.com/es/pucon/tour-panoramico-pucon/,Civitatis,2026-02-02 16:06
CLP,Chile,Pucón,Rafting en el río Trancura,,60.000 CL$,2 opiniones,35 viajeros,https://www.civitatis.com/es/pucon/rafting-rio-trancura/,Civitatis,2026-02-02 16:06
CLP,Chile,Pucón,Paseo a caballo por las orillas del río Liucura,,65.000 CL$,1 opinión,18 viajeros,https://www.civitatis.com/es/pucon/paseo-caballo-rio-liucura/,Civitatis,2026-02-02 16:06
CLP,Chile,Pucón,Tirolina en el Parque Nacional Villarrica,,50.000 CL$,1 opinión,50 viajeros,https://www.civitatis.com/es/pucon/tirolina-parque-villarrica/,Civitatis,2026-02-02 16:06
CLP,Chile,Pucón,Trekking por el volcán Villarrica,,200.000 CL$,Sin valorar,25 viajeros,https://www.civitatis.com/es/pucon/trekking-volcan-villarrica/,Civitatis,2026-02-02 16:06
CLP,Chile,Pucón,Tour de la cultura mapuche,,50.000 CL$,Sin valorar,88 viajeros,https://www.civitatis.com/es/pucon/tour-cultura-mapuche/,Civitatis,2026-02-02 16:06
CLP,Chile,Pucón,Trekking por el Parque Nacional Huerquehue,,85.000 CL$,1 opinión,23 viajeros,https://www.civitatis.com/es/pucon/trekking-parque-huerquehue/,Civitatis,2026-02-02 16:06
CLP,Chile,Pucón,Tarjeta eSIM Civitatis Chile,,"4.607,08 CL$",41 opiniones,821 viajeros,https://www.civitatis.com/es/tarjeta-esim-chile/,Civitatis,2026-02-02 16:06
CLP,Chile,Pucón,Tour por la zona de frontera con Argentina,,75.000 CL$,2 opiniones,30 viajeros,https://www.civitatis.com/es/pucon/tour-frontera-argentina/,Civitatis,2026-02-02 16:06
CLP,Chile,Pucón,Trekking y tour en bicicleta por El Cerduo,,50.000 CL$,Sin valorar,6 viajeros,https://www.civitatis.com/es/pucon/trekking-bicicleta-el-cerduo/,Civitatis,2026-02-02 16:06
CLP,Chile,Pucón,Paddle surf en el lago Caburgua,,94.000 CL$,1 opinión,3 viajeros,https://www.civitatis.com/es/pucon/paddle-surf-lago-caburgua/,Civitatis,2026-02-02 16:06
CLP,Chile,Pucón,Paseo en helicóptero por Pucón y el volcán Villarrica,,"413.992,39 CL$",Sin valorar,60 viajeros,https://www.civitatis.com/es/pucon/paseo-helicoptero-pucon/,Civitatis,2026-02-02 16:06
CLP,Chile,Ensenada,Entrada a Kotaix Bike Park,,7.000 CL$,Sin valorar,,https://www.civitatis.com/es/ensenada-chile/entrada-kotaix-bike-park/,Civitatis,2026-02-02 16:06
CLP,Chile,Ensenada,Tarjeta eSIM Civitatis Chile,,"4.607,08 CL$",41 opiniones,821 viajeros,https://www.civitatis.com/es/tarjeta-esim-chile/,Civitatis,2026-02-02 16:06
CLP,Chile,Villa O'Higgins,Tarjeta eSIM Civitatis Chile,,"4.607,08 CL$",41 opiniones,821 viajeros,https://www.civitatis.com/es/tarjeta-esim-chile/,Civitatis,2026-02-02 16:06
CLP,Chile,San Antonio,Excursión a Isla de Maipo para cruceros,,"118.862,71 CL$",Sin valorar,2 viajeros,https://www.civitatis.com/es/san-antonio-chile/excursion-isla-maipo-cruceros/,Civitatis,2026-02-02 16:06
CLP,Chile,San Antonio,Tarjeta eSIM Civitatis Chile,,"4.607,08 CL$",41 opiniones,821 viajeros,https://www.civitatis.com/es/tarjeta-esim-chile/,Civitatis,2026-02-02 16:06
CLP,Chile,Castro,Entrada al Parque Tepuhueico,,7.000 CL$,Sin valorar,14 viajeros,https://www.civitatis.com/es/castro/entrada-parque-tepuhueico/,Civitatis,2026-02-02 16:07
CLP,Chile,Castro,Paseo a caballo por la costa del Parque Tepuhueico,,119.000 CL$,2 opiniones,16 viajeros,https://www.civitatis.com/es/castro/paseo-caballo-costa-parque-tepuhueico/,Civitatis,2026-02-02 16:07
CLP,Chile,Castro,Trekking por la costa del Parque Tepuhueico,,39.000 CL$,Sin valorar,6 viajeros,https://www.civitatis.com/es/castro/trekking-costa-parque-tepuhueico/,Civitatis,2026-02-02 16:07
CLP,Chile,Castro,Senderismo nocturno por el Parque Tepuhueico,,29.000 CL$,Sin valorar,4 viajeros,https://www.civitatis.com/es/castro/senderismo-nocturno-parque-tepuhueico/,Civitatis,2026-02-02 16:07
CLP,Chile,Castro,Excursión al Parque Tepuhueico,,99.000 CL$,Sin valorar,,https://www.civitatis.com/es/castro/excursion-parque-tepuhueico/,Civitatis,2026-02-02 16:07
CLP,Chile,Castro,Trekking por el bosque del Parque Tepuhueico,,29.000 CL$,Sin valorar,6 viajeros,https://www.civitatis.com/es/castro/trekking-bosque-tepuhueico/,Civitatis,2026-02-02 16:07
CLP,Chile,Castro,Paseo en barco por el lago Tepuhueico,,59.000 CL$,Sin valorar,2 viajeros,https://www.civitatis.com/es/castro/paseo-barco-lago-tepuhueico/,Civitatis,2026-02-02 16:07
CLP,Chile,Castro,Tour en bicicleta eléctrica desde Castro,,50.000 CL$,Sin valorar,,https://www.civitatis.com/es/castro/tour-bicicleta-electrica-castro/,Civitatis,2026-02-02 16:07
CLP,Chile,Castro,Tarjeta eSIM Civitatis Chile,,"4.607,08 CL$",41 opiniones,821 viajeros,https://www.civitatis.com/es/tarjeta-esim-chile/,Civitatis,2026-02-02 16:07
CLP,Chile,Buin,Visita a la bodega Viña Santa Rita,,21.000 CL$,7 opiniones,234 viajeros,https://www.civitatis.com/es/buin/visita-bodega-vina-santa-rita/,Civitatis,2026-02-02 16:07
CLP,Chile,Buin,Tour del vino Carménère por la bodega Viña Santa Rita,,40.000 CL$,Sin valorar,13 viajeros,https://www.civitatis.com/es/buin/tour-vino-carmenere-bodega-santa-rita/,Civitatis,2026-02-02 16:07
CLP,Chile,Buin,Tour privado en pedal bar por la bodega Viña Santa Rita,,120.000 CL$,Sin valorar,4 viajeros,https://www.civitatis.com/es/buin/tour-pedal-bar-bodega-santa-rita/,Civitatis,2026-02-02 16:07
CLP,Chile,Buin,Tarjeta eSIM Civitatis Chile,,"4.607,08 CL$",41 opiniones,821 viajeros,https://www.civitatis.com/es/tarjeta-esim-chile/,Civitatis,2026-02-02 16:07
CLP,Chile,Ancud,Free tour por Ancud,,¡Gratis!,18 opiniones,257 viajeros,https://www.civitatis.com/es/ancud/free-tour-ancud/,Civitatis,2026-02-02 16:07
CLP,Chile,Ancud,Tarjeta eSIM Civitatis Chile,,"4.607,08 CL$",41 opiniones,821 viajeros,https://www.civitatis.com/es/tarjeta-esim-chile/,Civitatis,2026-02-02 16:07
CLP,Chile,Chonchi,Paseo a caballo por la costa del Parque Tepuhueico,,119.000 CL$,2 opiniones,16 viajeros,https://www.civitatis.com/es/chonchi/paseo-caballo-costa-parque-tepuhueico/,Civitatis,2026-02-02 16:07
CLP,Chile,Chonchi,Trekking por la costa del Parque Tepuhueico,,39.000 CL$,Sin valorar,6 viajeros,https://www.civitatis.com/es/chonchi/trekking-costa-parque-tepuhueico/,Civitatis,2026-02-02 16:07
CLP,Chile,Chonchi,Senderismo nocturno por el Parque Tepuhueico,,29.000 CL$,Sin valorar,4 viajeros,https://www.civitatis.com/es/chonchi/senderismo-nocturno-parque-tepuhueico/,Civitatis,2026-02-02 16:07
CLP,Chile,Chonchi,Excursión al Parque Tepuhueico,,99.000 CL$,Sin valorar,,https://www.civitatis.com/es/chonchi/excursion-parque-tepuhueico/,Civitatis,2026-02-02 16:07
CLP,Chile,Chonchi,Trekking por el bosque del Parque Tepuhueico,,29.000 CL$,Sin valorar,6 viajeros,https://www.civitatis.com/es/chonchi/trekking-bosque-tepuhueico/,Civitatis,2026-02-02 16:07
CLP,Chile,Chonchi,Paseo en barco por el lago Tepuhueico,,59.000 CL$,Sin valorar,2 viajeros,https://www.civitatis.com/es/chonchi/paseo-barco-lago-tepuhueico/,Civitatis,2026-02-02 16:07
CLP,Chile,Chonchi,Tarjeta eSIM Civitatis Chile,,"4.607,08 CL$",41 opiniones,821 viajeros,https://www.civitatis.com/es/tarjeta-esim-chile/,Civitatis,2026-02-02 16:07
CLP,Chile,Chonchi,Entrada al Parque Tepuhueico,,7.000 CL$,Sin valorar,14 viajeros,https://www.civitatis.com/es/castro/entrada-parque-tepuhueico/,Civitatis,2026-02-02 16:07
CLP,Chile,Chonchi,Tour en bicicleta eléctrica desde Castro,,50.000 CL$,Sin valorar,,https://www.civitatis.com/es/castro/tour-bicicleta-electrica-castro/,Civitatis,2026-02-02 16:07
CLP,Chile,Queilen,Tarjeta eSIM Civitatis Chile,,"4.607,08 CL$",41 opiniones,821 viajeros,https://www.civitatis.com/es/tarjeta-esim-chile/,Civitatis,2026-02-02 16:07
CLP,Chile,La Serena,Observación de estrellas en el valle del Elqui,,62.990 CL$,3 opiniones,48 viajeros,https://www.civitatis.com/es/la-serena/observacion-estrellas-valle-elqui/,Civitatis,2026-02-02 16:07
CLP,Chile,La Serena,Excursión a la Isla Damas,,"110.569,96 CL$",3 opiniones,45 viajeros,https://www.civitatis.com/es/la-serena/excursion-reserva-pinguino-humboldt/,Civitatis,2026-02-02 16:07
CLP,Chile,La Serena,Tour por el valle del Elqui,64.990 CL$,"63.040,30 CL$",5 opiniones,55 viajeros,https://www.civitatis.com/es/la-serena/tour-valle-elqui/,Civitatis,2026-02-02 16:07
CLP,Chile,La Serena,Tour por La Serena y Coquimbo,,63.450 CL$,2 opiniones,10 viajeros,https://www.civitatis.com/es/la-serena/tour-serena-coquimbo/,Civitatis,2026-02-02 16:07
CLP,Chile,La Serena,Tour por el Valle del Encanto,,"124.391,21 CL$",Sin valorar,4 viajeros,https://www.civitatis.com/es/la-serena/tour-valle-encanto/,Civitatis,2026-02-02 16:07
CLP,Chile,La Serena,Tour gastronómico por La Serena y Coquimbo,,"138.212,46 CL$",1 opinión,4 viajeros,https://www.civitatis.com/es/la-serena/tour-gastronomico-serena-coquimbo/,Civitatis,2026-02-02 16:07
CLP,Chile,La Serena,Traslados en La Serena,,38.400 CL$,2 opiniones,100 viajeros,https://www.civitatis.com/es/la-serena/traslados/,Civitatis,2026-02-02 16:07
CLP,Chile,La Serena,"Tour del pisco, el vino y la cerveza por el Valle del Elqui",,99.990 CL$,1 opinión,2 viajeros,https://www.civitatis.com/es/la-serena/tour-pisco-vino-cerveza/,Civitatis,2026-02-02 16:07
CLP,Chile,La Serena,Avistamiento de ballenas en Chañaral de Aceituno,,85.990 CL$,Sin valorar,2 viajeros,https://www.civitatis.com/es/la-serena/avistamiento-ballenas-chanaral-aceituno/,Civitatis,2026-02-02 16:07
CLP,Chile,La Serena,Tour por las playas de La Serena y Coquimbo,,97.990 CL$,Sin valorar,2 viajeros,https://www.civitatis.com/es/la-serena/tour-playas-serena-coquimbo/,Civitatis,2026-02-02 16:07
CLP,Chile,La Serena,Bautismo de buceo en Tongoy,,118.990 CL$,Sin valorar,,https://www.civitatis.com/es/la-serena/bautismo-buceo-tongoy/,Civitatis,2026-02-02 16:07
CLP,Chile,La Serena,Tarjeta eSIM Civitatis Chile,,"4.607,08 CL$",41 opiniones,821 viajeros,https://www.civitatis.com/es/tarjeta-esim-chile/,Civitatis,2026-02-02 16:07
CLP,Chile,La Serena,Tour del pisco por el Valle del Elqui,,97.990 CL$,Sin valorar,,https://www.civitatis.com/es/la-serena/tour-pisco-valle-elqui/,Civitatis,2026-02-02 16:07
CLP,Chile,Coquimbo,Tour por el valle del Elqui,64.990 CL$,"63.040,30 CL$",5 opiniones,55 viajeros,https://www.civitatis.com/es/la-serena/tour-valle-elqui/,Civitatis,2026-02-02 16:07
CLP,Chile,Coquimbo,Excursión a la Isla Damas,,"110.569,96 CL$",3 opiniones,45 viajeros,https://www.civitatis.com/es/la-serena/excursion-reserva-pinguino-humboldt/,Civitatis,2026-02-02 16:07
CLP,Chile,Coquimbo,Observación de estrellas en el valle del Elqui,,62.990 CL$,3 opiniones,48 viajeros,https://www.civitatis.com/es/la-serena/observacion-estrellas-valle-elqui/,Civitatis,2026-02-02 16:07
CLP,Chile,Coquimbo,Tour por La Serena y Coquimbo,,63.450 CL$,2 opiniones,10 viajeros,https://www.civitatis.com/es/la-serena/tour-serena-coquimbo/,Civitatis,2026-02-02 16:07
CLP,Chile,Coquimbo,Tour gastronómico por La Serena y Coquimbo,,"138.212,46 CL$",1 opinión,4 viajeros,https://www.civitatis.com/es/la-serena/tour-gastronomico-serena-coquimbo/,Civitatis,2026-02-02 16:07
CLP,Chile,Coquimbo,Tour por el Valle del Encanto,,"124.391,21 CL$",Sin valorar,4 viajeros,https://www.civitatis.com/es/la-serena/tour-valle-encanto/,Civitatis,2026-02-02 16:07
CLP,Chile,Coquimbo,Tour por las playas de La Serena y Coquimbo,,97.990 CL$,Sin valorar,2 viajeros,https://www.civitatis.com/es/la-serena/tour-playas-serena-coquimbo/,Civitatis,2026-02-02 16:07
CLP,Chile,Coquimbo,Avistamiento de ballenas en Chañaral de Aceituno,,85.990 CL$,Sin valorar,2 viajeros,https://www.civitatis.com/es/la-serena/avistamiento-ballenas-chanaral-aceituno/,Civitatis,2026-02-02 16:07
CLP,Chile,Coquimbo,"Tour del pisco, el vino y la cerveza por el Valle del Elqui",,99.990 CL$,1 opinión,2 viajeros,https://www.civitatis.com/es/la-serena/tour-pisco-vino-cerveza/,Civitatis,2026-02-02 16:07
CLP,Chile,Coquimbo,Tour del pisco por el Valle del Elqui,,97.990 CL$,Sin valorar,,https://www.civitatis.com/es/la-serena/tour-pisco-valle-elqui/,Civitatis,2026-02-02 16:07
CLP,Chile,Coquimbo,Bautismo de buceo en Tongoy,,118.990 CL$,Sin valorar,,https://www.civitatis.com/es/la-serena/bautismo-buceo-tongoy/,Civitatis,2026-02-02 16:07
CLP,Chile,Coquimbo,Tarjeta eSIM Civitatis Chile,,"4.607,08 CL$",41 opiniones,821 viajeros,https://www.civitatis.com/es/tarjeta-esim-chile/,Civitatis,2026-02-02 16:07
CLP,Chile,Vicuña,Observación de estrellas en el valle del Elqui,,30.000 CL$,2 opiniones,37 viajeros,https://www.civitatis.com/es/pisco-elqui/observacion-estrellas-valle-elqui/,Civitatis,2026-02-02 16:08
CLP,Chile,Vicuña,Paseo a caballo por Cochiguaz,,43.000 CL$,1 opinión,3 viajeros,https://www.civitatis.com/es/pisco-elqui/paseo-caballo-cochiguaz/,Civitatis,2026-02-02 16:08
CLP,Chile,Vicuña,Tour del pisco por el Alto Elqui,,35.000 CL$,Sin valorar,6 viajeros,https://www.civitatis.com/es/pisco-elqui/tour-pisco-alto-elqui/,Civitatis,2026-02-02 16:08
CLP,Chile,Vicuña,Ruta en bicicleta por el valle del Elqui,,34.000 CL$,Sin valorar,6 viajeros,https://www.civitatis.com/es/pisco-elqui/ruta-bicicleta-valle-elqui/,Civitatis,2026-02-02 16:08
CLP,Chile,Vicuña,Traslados en Vicuña,,38.400 CL$,2 opiniones,100 viajeros,https://www.civitatis.com/es/vicuna/traslados/,Civitatis,2026-02-02 16:08
CLP,Chile,Vicuña,Trekking por el valle de Cochiguaz,,40.000 CL$,Sin valorar,5 viajeros,https://www.civitatis.com/es/pisco-elqui/trekking-valle-cochiguaz/,Civitatis,2026-02-02 16:08
CLP,Chile,Vicuña,Tour privado por el valle del Elqui,,168.000 CL$,Sin valorar,,https://www.civitatis.com/es/pisco-elqui/tour-privado-valle-elqui/,Civitatis,2026-02-02 16:08
CLP,Chile,Vicuña,Tarjeta eSIM Civitatis Chile,,"4.607,08 CL$",41 opiniones,821 viajeros,https://www.civitatis.com/es/tarjeta-esim-chile/,Civitatis,2026-02-02 16:08
CLP,Chile,Pisco Elqui,Observación de estrellas en el valle del Elqui,,30.000 CL$,2 opiniones,37 viajeros,https://www.civitatis.com/es/pisco-elqui/observacion-estrellas-valle-elqui/,Civitatis,2026-02-02 16:08
CLP,Chile,Pisco Elqui,Tour del pisco por el Alto Elqui,,35.000 CL$,Sin valorar,6 viajeros,https://www.civitatis.com/es/pisco-elqui/tour-pisco-alto-elqui/,Civitatis,2026-02-02 16:08
CLP,Chile,Pisco Elqui,Paseo a caballo por Cochiguaz,,43.000 CL$,1 opinión,3 viajeros,https://www.civitatis.com/es/pisco-elqui/paseo-caballo-cochiguaz/,Civitatis,2026-02-02 16:08
CLP,Chile,Pisco Elqui,Trekking por el valle de Cochiguaz,,40.000 CL$,Sin valorar,5 viajeros,https://www.civitatis.com/es/pisco-elqui/trekking-valle-cochiguaz/,Civitatis,2026-02-02 16:08
CLP,Chile,Pisco Elqui,Ruta en bicicleta por el valle del Elqui,,34.000 CL$,Sin valorar,6 viajeros,https://www.civitatis.com/es/pisco-elqui/ruta-bicicleta-valle-elqui/,Civitatis,2026-02-02 16:08
CLP,Chile,Pisco Elqui,Tour privado por el valle del Elqui,,168.000 CL$,Sin valorar,,https://www.civitatis.com/es/pisco-elqui/tour-privado-valle-elqui/,Civitatis,2026-02-02 16:08
CLP,Chile,Pisco Elqui,Tarjeta eSIM Civitatis Chile,,"4.607,08 CL$",41 opiniones,821 viajeros,https://www.civitatis.com/es/tarjeta-esim-chile/,Civitatis,2026-02-02 16:08
CLP,Chile,Frutillar,Paseo en barco por el lago Llanquihue,,10.000 CL$,6 opiniones,140 viajeros,https://www.civitatis.com/es/frutillar/paseo-barco-lago-llanquihue/,Civitatis,2026-02-02 16:08
CLP,Chile,Frutillar,Tarjeta eSIM Civitatis Chile,,"4.607,08 CL$",41 opiniones,821 viajeros,https://www.civitatis.com/es/tarjeta-esim-chile/,Civitatis,2026-02-02 16:08
CLP,Chile,Iquique,Excursión al oasis de Pica,,55.000 CL$,3 opiniones,32 viajeros,https://www.civitatis.com/es/iquique/excursion-oasis-pica/,Civitatis,2026-02-02 16:08
CLP,Chile,Iquique,Excursión a las salitreras de Santa Laura y Humberstone,,40.000 CL$,10 opiniones,108 viajeros,https://www.civitatis.com/es/iquique/excursion-salitreras-santa-laura-humberstone/,Civitatis,2026-02-02 16:08
CLP,Chile,Iquique,Vuelo en parapente por Iquique,,60.000 CL$,Sin valorar,4 viajeros,https://www.civitatis.com/es/iquique/vuelo-parapente-iquique/,Civitatis,2026-02-02 16:08
CLP,Chile,Iquique,Tour por Iquique,,35.000 CL$,5 opiniones,75 viajeros,https://www.civitatis.com/es/iquique/tour-iquique/,Civitatis,2026-02-02 16:08
CLP,Chile,Iquique,Excursión a la laguna Roja,,130.000 CL$,3 opiniones,49 viajeros,https://www.civitatis.com/es/iquique/excursion-laguna-roja/,Civitatis,2026-02-02 16:08
CLP,Chile,Iquique,Excursión a Mamiña,,60.000 CL$,3 opiniones,35 viajeros,https://www.civitatis.com/es/iquique/excursion-mamina/,Civitatis,2026-02-02 16:08
CLP,Chile,Iquique,Curso de sandboarding en el cerro Dragón,,40.000 CL$,3 opiniones,28 viajeros,https://www.civitatis.com/es/iquique/curso-sandboarding-cerro-dragon/,Civitatis,2026-02-02 16:08
CLP,Chile,Iquique,"Tour del vino, la miel y los destilados por el desierto de Tarapacá",,65.000 CL$,Sin valorar,6 viajeros,https://www.civitatis.com/es/iquique/tour-vinedos-bodegas-desierto-tarapaca/,Civitatis,2026-02-02 16:08
CLP,Chile,Iquique,Excursión al Parque Nacional Volcán Isluga,,75.000 CL$,4 opiniones,53 viajeros,https://www.civitatis.com/es/iquique/excursion-parque-volcan-isluga/,Civitatis,2026-02-02 16:08
CLP,Chile,Iquique,Excursión a Pisagua,,65.000 CL$,Sin valorar,29 viajeros,https://www.civitatis.com/es/iquique/excursion-pisagua/,Civitatis,2026-02-02 16:08
CLP,Chile,Iquique,Tarjeta eSIM Civitatis Chile,,"4.607,08 CL$",41 opiniones,821 viajeros,https://www.civitatis.com/es/tarjeta-esim-chile/,Civitatis,2026-02-02 16:08
CLP,Chile,Coyhaique,Tour de 10 días en bicicleta por la Carretera Austral Sur,,2.273.730 CL$,Sin valorar,,https://www.civitatis.com/es/coyhaique/10-dias-bicicleta-carretera-austral-sur/,Civitatis,2026-02-02 16:08
CLP,Chile,Coyhaique,Tarjeta eSIM Civitatis Chile,,"4.607,08 CL$",41 opiniones,821 viajeros,https://www.civitatis.com/es/tarjeta-esim-chile/,Civitatis,2026-02-02 16:08
CLP,Chile,Torres del Paine,Paseo en barco por el lago Grey con visita a la playa y al glaciar,,110.000 CL$,23 opiniones,533 viajeros,https://www.civitatis.com/es/torres-del-paine/paseo-barco-lago-grey/,Civitatis,2026-02-02 16:08
CLP,Chile,Torres del Paine,Tarjeta eSIM Civitatis Chile,,"4.607,08 CL$",41 opiniones,821 viajeros,https://www.civitatis.com/es/tarjeta-esim-chile/,Civitatis,2026-02-02 16:08
CLP,Chile,Putre ,Excursión al Parque Nacional Lauca,,72.000 CL$,2 opiniones,50 viajeros,https://www.civitatis.com/es/putre/excursion-parque-lauca/,Civitatis,2026-02-02 16:08
CLP,Chile,Putre ,Trekking por las montañas de colores de Suriplaza,,96.000 CL$,1 opinión,6 viajeros,https://www.civitatis.com/es/putre/trekking-montanas-colores-suriplaza/,Civitatis,2026-02-02 16:08
CLP,Chile,Putre ,Tour de 3 días por Lauca,,405.000 CL$,2 opiniones,23 viajeros,https://www.civitatis.com/es/putre/tour-3-dias-lauca/,Civitatis,2026-02-02 16:08
CLP,Chile,Putre ,Excursión al Salar de Surire,,115.000 CL$,2 opiniones,19 viajeros,https://www.civitatis.com/es/putre/excursion-salar-surire/,Civitatis,2026-02-02 16:08
CLP,Chile,Putre ,Trekking por la montaña Guane Guane,,96.000 CL$,Sin valorar,2 viajeros,https://www.civitatis.com/es/putre/trekking-montana-guane-guane/,Civitatis,2026-02-02 16:08
CLP,Chile,Putre ,Tour por los pueblos de General Lagos,,120.000 CL$,Sin valorar,,https://www.civitatis.com/es/putre/tour-pueblos-general-lagos/,Civitatis,2026-02-02 16:08
CLP,Chile,Putre ,Tour de 5 días por Parinacota y Taapacá,,1.170.000 CL$,Sin valorar,,https://www.civitatis.com/es/putre/tour-5-dias-parinacota-taapaca/,Civitatis,2026-02-02 16:08
CLP,Chile,Putre ,Trekking por el sendero inca Qhapaq Ñan,,72.000 CL$,Sin valorar,,https://www.civitatis.com/es/putre/trekking-sendero-inca-qhapaq-nan/,Civitatis,2026-02-02 16:08
CLP,Chile,Putre ,Trekking por las lagunas de Cotacotani,,84.000 CL$,Sin valorar,2 viajeros,https://www.civitatis.com/es/putre/trekking-lagunas-cotacotani/,Civitatis,2026-02-02 16:08
CLP,Chile,Putre ,Trekking por Willacaurane y Petacane Apacheta,,60.000 CL$,Sin valorar,,https://www.civitatis.com/es/putre/trekking-willacaurane-petacane-apacheta/,Civitatis,2026-02-02 16:08
CLP,Chile,Putre ,Tarjeta eSIM Civitatis Chile,,"4.607,08 CL$",41 opiniones,821 viajeros,https://www.civitatis.com/es/tarjeta-esim-chile/,Civitatis,2026-02-02 16:08
CLP,Chile,Putre ,Excursión a Chapiquiña y termas de Juntuma,,72.000 CL$,Sin valorar,,https://www.civitatis.com/es/putre/excursion-chapiquina-termas-juntuma/,Civitatis,2026-02-02 16:08
CLP,Chile,Putre ,Trekking por la montaña Choquelimpie,,96.000 CL$,Sin valorar,,https://www.civitatis.com/es/putre/trekking-montana-choquelimpie/,Civitatis,2026-02-02 16:08
CLP,Chile,Putre ,Excursión a las montañas de colores de Suriplaza,,96.000 CL$,Sin valorar,8 viajeros,https://www.civitatis.com/es/putre/excursion-montanas-colores-suriplaza/,Civitatis,2026-02-02 16:08
CLP,Chile,Antofagasta ,Tarjeta eSIM Civitatis Chile,,"4.607,08 CL$",41 opiniones,821 viajeros,https://www.civitatis.com/es/tarjeta-esim-chile/,Civitatis,2026-02-02 16:08
CLP,Chile,Futaleufú,Curso de kayak en el río Espolón,,75.000 CL$,Sin valorar,,https://www.civitatis.com/es/futaleufu/curso-kayak-rio-espolon/,Civitatis,2026-02-02 16:08
CLP,Chile,Futaleufú,Tarjeta eSIM Civitatis Chile,,"4.607,08 CL$",41 opiniones,821 viajeros,https://www.civitatis.com/es/tarjeta-esim-chile/,Civitatis,2026-02-02 16:08
CLP,Chile,Arica,Excursión al lago Chungará,,75.000 CL$,12 opiniones,119 viajeros,https://www.civitatis.com/es/arica/excursion-lago-chungara/,Civitatis,2026-02-02 16:09
CLP,Chile,Arica,Excursión a la laguna Roja,,130.000 CL$,Sin valorar,33 viajeros,https://www.civitatis.com/es/arica/excursion-laguna-roja/,Civitatis,2026-02-02 16:09
CLP,Chile,Arica,Excursión a Pisagua,,60.000 CL$,Sin valorar,7 viajeros,https://www.civitatis.com/es/arica/excursion-pisagua/,Civitatis,2026-02-02 16:09
CLP,Chile,Arica,Tour por Arica y el valle de Azapa,,50.000 CL$,Sin valorar,28 viajeros,https://www.civitatis.com/es/arica/tour-arica-valle-azapa/,Civitatis,2026-02-02 16:09
CLP,Chile,Arica,Tour de 6 días por la región comunitaria Aymara,,960.000 CL$,Sin valorar,,https://www.civitatis.com/es/arica/tour-6-dias-region-aymara/,Civitatis,2026-02-02 16:09
CLP,Chile,Arica,Tarjeta eSIM Civitatis Chile,,"4.607,08 CL$",41 opiniones,821 viajeros,https://www.civitatis.com/es/tarjeta-esim-chile/,Civitatis,2026-02-02 16:09
CLP,Chile,Valdivia,Excursión al Parque Nacional Alerce Costero,,61.000 CL$,4 opiniones,33 viajeros,https://www.civitatis.com/es/valdivia/excursion-alerce-costero/,Civitatis,2026-02-02 16:09
CLP,Chile,Valdivia,Tour de la cerveza por Valdivia,,26.500 CL$,Sin valorar,11 viajeros,https://www.civitatis.com/es/valdivia/tour-cerveza-valdivia/,Civitatis,2026-02-02 16:09
CLP,Chile,Valdivia,Visita guiada por Valdivia,,26.500 CL$,6 opiniones,41 viajeros,https://www.civitatis.com/es/valdivia/tour-panoramico-valdivia/,Civitatis,2026-02-02 16:09
CLP,Chile,Valdivia,Senderismo por el Parque Oncol,,47.000 CL$,5 opiniones,12 viajeros,https://www.civitatis.com/es/valdivia/senderismo-parque-oncol/,Civitatis,2026-02-02 16:09
CLP,Chile,Valdivia,Tour por la reserva ecológica Senderos del Bosque,,31.000 CL$,Sin valorar,3 viajeros,https://www.civitatis.com/es/valdivia/tour-senderos-bosque/,Civitatis,2026-02-02 16:09
CLP,Chile,Valdivia,Tour en kayak por el río Valdivia,,40.000 CL$,Sin valorar,2 viajeros,https://www.civitatis.com/es/valdivia/tour-kayak-rio-valdivia/,Civitatis,2026-02-02 16:09
CLP,Chile,Valdivia,Excursión a Punta Curiñanco,,47.000 CL$,Sin valorar,1 viajero,https://www.civitatis.com/es/valdivia/excursion-punta-curinanco/,Civitatis,2026-02-02 16:09
CLP,Chile,Valdivia,Tarjeta eSIM Civitatis Chile,,"4.607,08 CL$",41 opiniones,821 viajeros,https://www.civitatis.com/es/tarjeta-esim-chile/,Civitatis,2026-02-02 16:09
CLP,Chile,Peulla ,Tour por el valle del río Negro,,27.000 CL$,Sin valorar,3 viajeros,https://www.civitatis.com/es/peulla/tour-valle-rio-negro/,Civitatis,2026-02-02 16:09
CLP,Chile,Peulla ,Tarjeta eSIM Civitatis Chile,,"4.607,08 CL$",41 opiniones,821 viajeros,https://www.civitatis.com/es/tarjeta-esim-chile/,Civitatis,2026-02-02 16:09
CLP,Chile,Concepción,Tour de viñedos y bodegas por el valle de Itata,,55.000 CL$,5 opiniones,89 viajeros,https://www.civitatis.com/es/concepcion/tour-vinedos-bodegas-valle-itata/,Civitatis,2026-02-02 16:09
CLP,Chile,Concepción,Excursión al golfo de Arauco y sus playas,,40.000 CL$,3 opiniones,51 viajeros,https://www.civitatis.com/es/concepcion/excursion-golfo-arauco-playas/,Civitatis,2026-02-02 16:09
CLP,Chile,Concepción,Tour por Concepción,,25.000 CL$,5 opiniones,176 viajeros,https://www.civitatis.com/es/concepcion/tour-concepcion/,Civitatis,2026-02-02 16:09
CLP,Chile,Concepción,Tour por la costa del Gran Concepción,,45.000 CL$,Sin valorar,100 viajeros,https://www.civitatis.com/es/concepcion/tour-costa-gran-concepcion/,Civitatis,2026-02-02 16:09
CLP,Chile,Concepción,Tour por los humedales de Concepción,,30.000 CL$,1 opinión,11 viajeros,https://www.civitatis.com/es/concepcion/tour-humedales-concepcion/,Civitatis,2026-02-02 16:09
CLP,Chile,Concepción,Excursión a Ninhue y Buchupureo,,50.000 CL$,1 opinión,7 viajeros,https://www.civitatis.com/es/concepcion/excursion-ninhue-buchupureo/,Civitatis,2026-02-02 16:09
CLP,Chile,Concepción,Tour privado por la costa del Gran Concepción,,140.000 CL$,Sin valorar,7 viajeros,https://www.civitatis.com/es/concepcion/tour-privado-costa-gran-concepcion/,Civitatis,2026-02-02 16:09
CLP,Chile,Concepción,Tarjeta eSIM Civitatis Chile,,"4.607,08 CL$",41 opiniones,821 viajeros,https://www.civitatis.com/es/tarjeta-esim-chile/,Civitatis,2026-02-02 16:09
CLP,Chile,Puerto Tranquilo,Tour en kayak por las cavernas de mármol,,50.000 CL$,30 opiniones,511 viajeros,https://www.civitatis.com/es/puerto-tranquilo/tour-kayak-cavernas-marmol/,Civitatis,2026-02-02 16:09
CLP,Chile,Puerto Tranquilo,Paseo en barco por las cuevas de mármol de Puerto Tranquilo,,20.000 CL$,16 opiniones,276 viajeros,https://www.civitatis.com/es/puerto-tranquilo/barco-cavernas-marmol-puerto-tranquilo/,Civitatis,2026-02-02 16:09
CLP,Chile,Puerto Tranquilo,Barco por las cavernas de mármol de Puerto Sánchez y Puerto Tranquilo,,30.000 CL$,31 opiniones,395 viajeros,https://www.civitatis.com/es/puerto-tranquilo/barco-puerto-tranquilo-puerto-sanchez/,Civitatis,2026-02-02 16:09
CLP,Chile,Puerto Tranquilo,Paseo en barco privado desde Puerto Tranquilo,,120.000 CL$,6 opiniones,87 viajeros,https://www.civitatis.com/es/puerto-tranquilo/paseo-barco-privado-puerto-tranquilo/,Civitatis,2026-02-02 16:09
CLP,Chile,Puerto Tranquilo,Paseo en barco por las cavernas de mármol de Puerto Sánchez,,15.000 CL$,1 opinión,19 viajeros,https://www.civitatis.com/es/puerto-tranquilo/barco-cavernas-marmol-puerto-sanchez/,Civitatis,2026-02-02 16:09
CLP,Chile,Puerto Tranquilo,Tarjeta eSIM Civitatis Chile,,"4.607,08 CL$",41 opiniones,821 viajeros,https://www.civitatis.com/es/tarjeta-esim-chile/,Civitatis,2026-02-02 16:09
CLP,Chile,Puerto Tranquilo,Paseo en barco por la capilla y la catedral de mármol,,35.000 CL$,1 opinión,30 viajeros,https://www.civitatis.com/es/puerto-sanchez/paseo-barco-capilla-catedral-marmol/,Civitatis,2026-02-02 16:09
CLP,Chile,Puerto Tranquilo,Paseo en barco por Puerto Sánchez y las cavernas de mármol,,30.000 CL$,Sin valorar,5 viajeros,https://www.civitatis.com/es/puerto-sanchez/paseo-barco-cavernas-marmol/,Civitatis,2026-02-02 16:09
CLP,Chile,Chile Chico,Trekking por la Patagonia hasta la Cueva de las Manos,,98.000 CL$,1 opinión,13 viajeros,https://www.civitatis.com/es/chile-chico/trekking-patagonia-cueva-manos/,Civitatis,2026-02-02 16:09
CLP,Chile,Chile Chico,Tarjeta eSIM Civitatis Chile,,"4.607,08 CL$",41 opiniones,821 viajeros,https://www.civitatis.com/es/tarjeta-esim-chile/,Civitatis,2026-02-02 16:09
CLP,Chile,Puerto Williams,Trekking por el cerro Bandera,,60.000 CL$,Sin valorar,8 viajeros,https://www.civitatis.com/es/puerto-williams/trekking-cerro-bandera/,Civitatis,2026-02-02 16:09
CLP,Chile,Puerto Williams,Tour por Puerto Williams y cascada Los Bronces,,64.000 CL$,1 opinión,6 viajeros,https://www.civitatis.com/es/puerto-williams/tour-puerto-williams-cascada-bronces/,Civitatis,2026-02-02 16:09
CLP,Chile,Puerto Williams,Tour por la isla Navarino,,64.000 CL$,2 opiniones,19 viajeros,https://www.civitatis.com/es/puerto-williams/tour-isla-navarino/,Civitatis,2026-02-02 16:09
CLP,Chile,Puerto Williams,Tour en kayak por el Canal Beagle con avistamiento de lobos marinos,,175.000 CL$,Sin valorar,6 viajeros,https://www.civitatis.com/es/puerto-williams/kayak-canal-beagle-lobos-marinos/,Civitatis,2026-02-02 16:09
CLP,Chile,Puerto Williams,Tour en kayak por el Canal Beagle,,74.000 CL$,1 opinión,8 viajeros,https://www.civitatis.com/es/puerto-williams/tour-kayak-canal-beagle/,Civitatis,2026-02-02 16:09
CLP,Chile,Puerto Williams,Trekking por los Dientes de Navarino,,95.000 CL$,1 opinión,7 viajeros,https://www.civitatis.com/es/puerto-williams/trekking-dientes-navarino/,Civitatis,2026-02-02 16:09
CLP,Chile,Puerto Williams,Trekking de 5 días por la isla Navarino,,1.020.000 CL$,Sin valorar,2 viajeros,https://www.civitatis.com/es/puerto-williams/trekking-5-dias-isla-navarino/,Civitatis,2026-02-02 16:09
CLP,Chile,Puerto Williams,Tour en bicicleta por Puerto Williams e isla Navarino,,64.000 CL$,Sin valorar,1 viajero,https://www.civitatis.com/es/puerto-williams/tour-bicicleta-puerto-williams-isla-navarino/,Civitatis,2026-02-02 16:09
CLP,Chile,Puerto Williams,Cruce de Puerto Williams a Ushuaia por el Canal Beagle,,160.000 CL$,Novedad,,https://www.civitatis.com/es/puerto-williams/cruce-puerto-williams-ushuaia-canal-beagle/,Civitatis,2026-02-02 16:09
CLP,Chile,Puerto Williams,Tarjeta eSIM Civitatis Chile,,"4.607,08 CL$",41 opiniones,821 viajeros,https://www.civitatis.com/es/tarjeta-esim-chile/,Civitatis,2026-02-02 16:09
CLP,Chile,Mallín Grande,Paseo a caballo por Mallín Grande,,65.000 CL$,Sin valorar,,https://www.civitatis.com/es/mallin-grande/paseo-caballo-mallin-grande/,Civitatis,2026-02-02 16:10
CLP,Chile,Mallín Grande,Tarjeta eSIM Civitatis Chile,,"4.607,08 CL$",41 opiniones,821 viajeros,https://www.civitatis.com/es/tarjeta-esim-chile/,Civitatis,2026-02-02 16:10
CLP,Chile,Mallín Grande,Paseo en barco por la capilla y la catedral de mármol,,35.000 CL$,1 opinión,30 viajeros,https://www.civitatis.com/es/puerto-sanchez/paseo-barco-capilla-catedral-marmol/,Civitatis,2026-02-02 16:10
CLP,Chile,Mallín Grande,Paseo en barco por Puerto Sánchez y las cavernas de mármol,,30.000 CL$,Sin valorar,5 viajeros,https://www.civitatis.com/es/puerto-sanchez/paseo-barco-cavernas-marmol/,Civitatis,2026-02-02 16:10
CLP,Chile,Puerto Sánchez,Paseo en barco por la capilla y la catedral de mármol,,35.000 CL$,1 opinión,30 viajeros,https://www.civitatis.com/es/puerto-sanchez/paseo-barco-capilla-catedral-marmol/,Civitatis,2026-02-02 16:10
CLP,Chile,Puerto Sánchez,Paseo en barco por Puerto Sánchez y las cavernas de mármol,,30.000 CL$,Sin valorar,5 viajeros,https://www.civitatis.com/es/puerto-sanchez/paseo-barco-cavernas-marmol/,Civitatis,2026-02-02 16:10
CLP,Chile,Puerto Sánchez,Tarjeta eSIM Civitatis Chile,,"4.607,08 CL$",41 opiniones,821 viajeros,https://www.civitatis.com/es/tarjeta-esim-chile/,Civitatis,2026-02-02 16:10
CLP,Chile,Puerto Sánchez,Tour en kayak por las cavernas de mármol,,50.000 CL$,30 opiniones,511 viajeros,https://www.civitatis.com/es/puerto-tranquilo/tour-kayak-cavernas-marmol/,Civitatis,2026-02-02 16:10
CLP,Chile,Puerto Sánchez,Barco por las cavernas de mármol de Puerto Sánchez y Puerto Tranquilo,,30.000 CL$,31 opiniones,395 viajeros,https://www.civitatis.com/es/puerto-tranquilo/barco-puerto-tranquilo-puerto-sanchez/,Civitatis,2026-02-02 16:10
CLP,Chile,Puerto Sánchez,Paseo en barco privado desde Puerto Tranquilo,,120.000 CL$,6 opiniones,87 viajeros,https://www.civitatis.com/es/puerto-tranquilo/paseo-barco-privado-puerto-tranquilo/,Civitatis,2026-02-02 16:10
CLP,Chile,Puerto Sánchez,Paseo en barco por las cuevas de mármol de Puerto Tranquilo,,20.000 CL$,16 opiniones,276 viajeros,https://www.civitatis.com/es/puerto-tranquilo/barco-cavernas-marmol-puerto-tranquilo/,Civitatis,2026-02-02 16:10
CLP,Chile,Puerto Sánchez,Paseo en barco por las cavernas de mármol de Puerto Sánchez,,15.000 CL$,1 opinión,19 viajeros,https://www.civitatis.com/es/puerto-tranquilo/barco-cavernas-marmol-puerto-sanchez/,Civitatis,2026-02-02 16:10
CLP,Chile,Puerto Sánchez,Paseo a caballo por Mallín Grande,,65.000 CL$,Sin valorar,,https://www.civitatis.com/es/mallin-grande/paseo-caballo-mallin-grande/,Civitatis,2026-02-02 16:10
CLP,Chile,Placilla,Tarjeta eSIM Civitatis Chile,,"4.607,08 CL$",41 opiniones,821 viajeros,https://www.civitatis.com/es/tarjeta-esim-chile/,Civitatis,2026-02-02 16:10
CLP,Chile,San Clemente,Tarjeta eSIM Civitatis Chile,,"4.607,08 CL$",41 opiniones,821 viajeros,https://www.civitatis.com/es/tarjeta-esim-chile/,Civitatis,2026-02-02 16:10
CLP,Chile,Vilches,Tarjeta eSIM Civitatis Chile,,"4.607,08 CL$",41 opiniones,821 viajeros,https://www.civitatis.com/es/tarjeta-esim-chile/,Civitatis,2026-02-02 16:10
CLP,Chile,San Fabián de Alico,Trekking por la laguna El Valiente,,40.000 CL$,Sin valorar,2 viajeros,https://www.civitatis.com/es/san-fabian-de-alico/trekking-laguna-valiente/,Civitatis,2026-02-02 16:10
CLP,Chile,San Fabián de Alico,Paseo a caballo por el Valle Hermoso,,76.000 CL$,Sin valorar,,https://www.civitatis.com/es/san-fabian-de-alico/paseo-caballo-valle-hermoso/,Civitatis,2026-02-02 16:10
CLP,Chile,San Fabián de Alico,Tarjeta eSIM Civitatis Chile,,"4.607,08 CL$",41 opiniones,821 viajeros,https://www.civitatis.com/es/tarjeta-esim-chile/,Civitatis,2026-02-02 16:10
CLP,Chile,Hornopirén ,Tour en kayak por la isla de los Ciervos,,55.000 CL$,Sin valorar,2 viajeros,https://www.civitatis.com/es/hornopiren/tour-kayak-isla-ciervos/,Civitatis,2026-02-02 16:10
CLP,Chile,Hornopirén ,Tarjeta eSIM Civitatis Chile,,"4.607,08 CL$",41 opiniones,821 viajeros,https://www.civitatis.com/es/tarjeta-esim-chile/,Civitatis,2026-02-02 16:10
CLP,Chile,Malalcahuello ,Trekking de ascenso al cráter Navidad,,55.000 CL$,Sin valorar,6 viajeros,https://www.civitatis.com/es/malalcahuello/trekking-crater-navidad/,Civitatis,2026-02-02 16:10
CLP,Chile,Malalcahuello ,Trekking hasta la laguna Espejo,,81.250 CL$,Sin valorar,,https://www.civitatis.com/es/malalcahuello/trekking-laguna-espejo/,Civitatis,2026-02-02 16:10
CLP,Chile,Malalcahuello ,Trekking de ascenso al volcán Lonquimay,,100.000 CL$,Sin valorar,,https://www.civitatis.com/es/malalcahuello/trekking-volcan-lonquimay/,Civitatis,2026-02-02 16:10
CLP,Chile,Malalcahuello ,Tarjeta eSIM Civitatis Chile,,"4.607,08 CL$",41 opiniones,821 viajeros,https://www.civitatis.com/es/tarjeta-esim-chile/,Civitatis,2026-02-02 16:10
CLP,Chile,Pica,Excursión al salar de Huasco y Tambillo,,43.750 CL$,Sin valorar,12 viajeros,https://www.civitatis.com/es/pica/excursion-salar-huasco-tambillo/,Civitatis,2026-02-02 16:10
CLP,Chile,Pica,Noche en el camping colgante del oasis de Pica,,43.750 CL$,Sin valorar,,https://www.civitatis.com/es/pica/noche-camping-colgante-oasis-pica/,Civitatis,2026-02-02 16:10
CLP,Chile,Pica,Senderismo por el oasis de Pica,,12.500 CL$,Sin valorar,,https://www.civitatis.com/es/pica/senderismo-oasis-pica/,Civitatis,2026-02-02 16:10
CLP,Chile,Pica,Rápel y escalada en el oasis de Pica,,18.750 CL$,Sin valorar,,https://www.civitatis.com/es/pica/rapel-escalada-oasis-pica/,Civitatis,2026-02-02 16:10
CLP,Chile,Pica,Trekking y rápel en el Salto del Chintaguay,,31.250 CL$,Sin valorar,,https://www.civitatis.com/es/pica/trekking-rapel-salto-chintaguay/,Civitatis,2026-02-02 16:10
CLP,Chile,Pica,Tarjeta eSIM Civitatis Chile,,"4.607,08 CL$",41 opiniones,821 viajeros,https://www.civitatis.com/es/tarjeta-esim-chile/,Civitatis,2026-02-02 16:10
CLP,Chile,Ovalle,Excursión al Parque Nacional Bosque Fray Jorge,,38.000 CL$,Sin valorar,7 viajeros,https://www.civitatis.com/es/ovalle/excursion-bosque-fray-jorge/,Civitatis,2026-02-02 16:11
CLP,Chile,Ovalle,Tour arqueológico por el Valle del Encanto,,30.000 CL$,Sin valorar,8 viajeros,https://www.civitatis.com/es/ovalle/tour-arqueologico-valle-encanto/,Civitatis,2026-02-02 16:11
CLP,Chile,Ovalle,Escalada en la quebrada de Los Loros,,40.000 CL$,Sin valorar,2 viajeros,https://www.civitatis.com/es/ovalle/escalada-quebrada-loros/,Civitatis,2026-02-02 16:11
CLP,Chile,Ovalle,Trekking por el cerro Tamaya,,35.000 CL$,Sin valorar,,https://www.civitatis.com/es/ovalle/trekking-cerro-tamaya/,Civitatis,2026-02-02 16:11
CLP,Chile,Ovalle,Traslados en Ovalle,,38.400 CL$,2 opiniones,100 viajeros,https://www.civitatis.com/es/ovalle/traslados/,Civitatis,2026-02-02 16:11
CLP,Chile,Ovalle,Excursión al humedal del río Limarí + Tour en kayak,,50.000 CL$,Sin valorar,,https://www.civitatis.com/es/ovalle/excursion-humedal-rio-limari-tour-kayak/,Civitatis,2026-02-02 16:11
CLP,Chile,Ovalle,Tour de 2 días por la Quebrada Amarilla con observación de estrellas,,135.000 CL$,Sin valorar,,https://www.civitatis.com/es/ovalle/tour-2-dias-quebrada-amarilla/,Civitatis,2026-02-02 16:11
CLP,Chile,Ovalle,Tour en bicicleta por el humedal del río Limarí,,50.000 CL$,Sin valorar,,https://www.civitatis.com/es/ovalle/tour-bicicleta-humedal-rio-limari/,Civitatis,2026-02-02 16:11
CLP,Chile,Ovalle,Observación de estrellas en Las Tinajas,,40.000 CL$,Sin valorar,,https://www.civitatis.com/es/ovalle/observacion-estrellas-tinajas/,Civitatis,2026-02-02 16:11
CLP,Chile,Ovalle,Trekking por el cerro Tamaya al atardecer,,35.000 CL$,Sin valorar,,https://www.civitatis.com/es/ovalle/trekking-cerro-tamaya-atardecer/,Civitatis,2026-02-02 16:11
CLP,Chile,Ovalle,Tarjeta eSIM Civitatis Chile,,"4.607,08 CL$",41 opiniones,821 viajeros,https://www.civitatis.com/es/tarjeta-esim-chile/,Civitatis,2026-02-02 16:11
CLP,Chile,Calama,Transporte entre el aeropuerto de Calama y San Pedro de Atacama,,17.500 CL$,503 opiniones,7.835 viajeros,https://www.civitatis.com/es/calama/transporte-aeropuerto-calama-san-pedro-atacama/,Civitatis,2026-02-02 16:11
CLP,Chile,Calama,Excursión privada a los geoglifos de Chug Chug,,60.000 CL$,4 opiniones,23 viajeros,https://www.civitatis.com/es/calama/excursion-geoglifos-chug-chug/,Civitatis,2026-02-02 16:11
CLP,Chile,Calama,Excursión privada a Chiu Chiu y el volcán Poruña,,96.000 CL$,2 opiniones,21 viajeros,https://www.civitatis.com/es/calama/excursion-chiu-chiu-volcan-poruna/,Civitatis,2026-02-02 16:11
CLP,Chile,Calama,"Excursión privada al Puente del Diablo, Chiu Chiu y Ayquina",,84.000 CL$,Sin valorar,4 viajeros,https://www.civitatis.com/es/calama/excursion-puente-diablo-chiu-ayquina/,Civitatis,2026-02-02 16:11
CLP,Chile,Calama,Traslados en Calama,,126.750 CL$,9 opiniones,400 viajeros,https://www.civitatis.com/es/calama/traslados/,Civitatis,2026-02-02 16:11
CLP,Chile,Calama,Excursión privada a Ollagüe y los salares del Alto del Loa,,144.000 CL$,Sin valorar,9 viajeros,https://www.civitatis.com/es/calama/excursion-ollague-salares-alto-loa/,Civitatis,2026-02-02 16:11
CLP,Chile,Calama,Excursión privada a Chiu Chiu y Pukara de Lasana,,72.000 CL$,1 opinión,14 viajeros,https://www.civitatis.com/es/calama/excursion-chiu-chiu-pukara-lasana/,Civitatis,2026-02-02 16:11
CLP,Chile,Calama,Excursión privada al pueblo fantasma de Chacabuco,,84.000 CL$,1 opinión,6 viajeros,https://www.civitatis.com/es/calama/excursion-pueblo-fantasma-chacabuco/,Civitatis,2026-02-02 16:11
CLP,Chile,Calama,Ruta privada de trekking por el volcán Poruña,,108.000 CL$,Sin valorar,,https://www.civitatis.com/es/calama/trekking-volcan-poruna/,Civitatis,2026-02-02 16:11
CLP,Chile,Calama,Tarjeta eSIM Civitatis Chile,,"4.607,08 CL$",41 opiniones,821 viajeros,https://www.civitatis.com/es/tarjeta-esim-chile/,Civitatis,2026-02-02 16:11
CLP,Chile,Puerto Chacabuco,Excursión al Parque Aikén del Sur,,76.000 CL$,1 opinión,28 viajeros,https://www.civitatis.com/es/puerto-chacabuco/excursion-parque-aiken-sur/,Civitatis,2026-02-02 16:11
CLP,Chile,Puerto Chacabuco,Excursión al Parque Nacional Laguna San Rafael,,309.000 CL$,35 opiniones,451 viajeros,https://www.civitatis.com/es/puerto-chacabuco/excursion-laguna-san-rafael/,Civitatis,2026-02-02 16:11
CLP,Chile,Puerto Chacabuco,Excursión a las termas de Ensenada Pérez,,115.000 CL$,1 opinión,26 viajeros,https://www.civitatis.com/es/puerto-chacabuco/excursion-termas-ensenada-perez/,Civitatis,2026-02-02 16:11
CLP,Chile,Puerto Chacabuco,Tour por los pueblos de Aysén,,121.000 CL$,Sin valorar,,https://www.civitatis.com/es/puerto-chacabuco/tour-pueblos-aysen/,Civitatis,2026-02-02 16:11
CLP,Chile,Puerto Chacabuco,Tarjeta eSIM Civitatis Chile,,"4.607,08 CL$",41 opiniones,821 viajeros,https://www.civitatis.com/es/tarjeta-esim-chile/,Civitatis,2026-02-02 16:11
CLP,Chile,Casablanca,Visita a la Cervecería Coda,,15.000 CL$,Sin valorar,,https://www.civitatis.com/es/casablanca-chile/visita-cerveceria-coda/,Civitatis,2026-02-02 16:11
CLP,Chile,Casablanca,Tarjeta eSIM Civitatis Chile,,"4.607,08 CL$",41 opiniones,821 viajeros,https://www.civitatis.com/es/tarjeta-esim-chile/,Civitatis,2026-02-02 16:11
CLP,Chile,Llanquihue,Cruce andino por los lagos de la cordillera de los Andes,,"235.882,60 CL$",30 opiniones,538 viajeros,https://www.civitatis.com/es/puerto-varas/cruce-andino-lagos/,Civitatis,2026-02-02 16:11
CLP,Chile,Llanquihue,"Isla de Chiloé: Chacao, Ancud y pingüinos de Puñihuil",,45.000 CL$,29 opiniones,431 viajeros,https://www.civitatis.com/es/puerto-varas/tour-pinguinos-chiloe/,Civitatis,2026-02-02 16:11
CLP,Chile,Llanquihue,Excursión a los Saltos de Petrohué y volcán Osorno,,35.000 CL$,151 opiniones,1.642 viajeros,https://www.civitatis.com/es/puerto-varas/excursion-saltos-petrohue-volcan-osorno/,Civitatis,2026-02-02 16:11
CLP,Chile,Llanquihue,"Isla de Chiloé: Chacao, Castro y Dalcahue",,45.000 CL$,116 opiniones,926 viajeros,https://www.civitatis.com/es/puerto-varas/excursion-isla-chiloe/,Civitatis,2026-02-02 16:11
CLP,Chile,Llanquihue,Excursión privada desde Puerto Varas,,177.586 CL$,2 opiniones,95 viajeros,https://www.civitatis.com/es/puerto-varas/excursion-privada-puerto-varas/,Civitatis,2026-02-02 16:11
CLP,Chile,Llanquihue,Tour por Puerto Varas y Puerto Montt,,27.694 CL$,34 opiniones,604 viajeros,https://www.civitatis.com/es/puerto-varas/tour-puerto-varas-puerto-montt/,Civitatis,2026-02-02 16:11
CLP,Chile,Llanquihue,"Excursión a Chacao, Ancud y las playas de Chiloé",,56.094 CL$,10 opiniones,176 viajeros,https://www.civitatis.com/es/puerto-varas/tour-ancud-chiloe/,Civitatis,2026-02-02 16:11
CLP,Chile,Llanquihue,Tour por el lago Todos los Santos y Villa Peulla,,31.000 CL$,71 opiniones,733 viajeros,https://www.civitatis.com/es/puerto-varas/tour-lago-todos-santos/,Civitatis,2026-02-02 16:11
CLP,Chile,Llanquihue,Tour por los pueblos de la Carretera Austral,,42.000 CL$,18 opiniones,286 viajeros,https://www.civitatis.com/es/puerto-varas/tour-pueblos-carretera-austral/,Civitatis,2026-02-02 16:11
CLP,Chile,Llanquihue,Tour por los pueblos del lago Llanquihue,,45.000 CL$,28 opiniones,316 viajeros,https://www.civitatis.com/es/puerto-varas/tour-lago-llanquihue/,Civitatis,2026-02-02 16:11
CLP,Chile,Llanquihue,Tarjeta eSIM Civitatis Chile,,"4.607,08 CL$",41 opiniones,821 viajeros,https://www.civitatis.com/es/tarjeta-esim-chile/,Civitatis,2026-02-02 16:11
CLP,Chile,Llanquihue,Excursión a Frutillar,,25.000 CL$,26 opiniones,402 viajeros,https://www.civitatis.com/es/puerto-varas/excursion-frutillar-puerto-octay/,Civitatis,2026-02-02 16:11
CLP,Chile,Llanquihue,Excursión a Cochamó y Termas del Sol,,40.000 CL$,35 opiniones,356 viajeros,https://www.civitatis.com/es/puerto-varas/excursion-cochamo-termas-sol/,Civitatis,2026-02-02 16:11
CLP,Chile,Llanquihue,Paseo en barco por el lago Llanquihue,,10.000 CL$,6 opiniones,140 viajeros,https://www.civitatis.com/es/frutillar/paseo-barco-lago-llanquihue/,Civitatis,2026-02-02 16:11
CLP,Chile,Llanquihue,Excursión al estuario de Reloncaví y el lago Tagua Tagua,,45.000 CL$,18 opiniones,208 viajeros,https://www.civitatis.com/es/puerto-varas/excursion-estuario-reloncavi-lago-tagua/,Civitatis,2026-02-02 16:11
CLP,Chile,Llanquihue,Excursión al volcán Osorno,,30.000 CL$,22 opiniones,196 viajeros,https://www.civitatis.com/es/puerto-varas/excursion-volcan-osorno/,Civitatis,2026-02-02 16:11
CLP,Chile,Llanquihue,Excursión privada a Valdivia,,562.214 CL$,1 opinión,24 viajeros,https://www.civitatis.com/es/puerto-varas/excursion-valdivia/,Civitatis,2026-02-02 16:11
CLP,Chile,Llanquihue,"Tour privado por Puerto Varas, Nueva Braunau y Lahuen Ñadi",,196.867 CL$,Sin valorar,18 viajeros,https://www.civitatis.com/es/puerto-varas/puerto-varas-nueva-braunau-lahuen-nadi/,Civitatis,2026-02-02 16:11
CLP,Chile,Llanquihue,Senderismo por el Parque Nacional Alerce Andino,,60.000 CL$,4 opiniones,56 viajeros,https://www.civitatis.com/es/puerto-varas/senderismo-parque-alerce-andino/,Civitatis,2026-02-02 16:11
CLP,Chile,Llanquihue,Excursión privada a la isla Calbuco,,343.534 CL$,Sin valorar,4 viajeros,https://www.civitatis.com/es/puerto-varas/excursion-isla-calbuco/,Civitatis,2026-02-02 16:11
CLP,Chile,Llanquihue,Tour por Maullín + Avistamiento de aves en Quenuir Bajo,,130.000 CL$,Sin valorar,1 viajero,https://www.civitatis.com/es/puerto-varas/maullin-avistamiento-aves-quenuir-bajo/,Civitatis,2026-02-02 16:11
CLP,Chile,Llanquihue,Tour de 11 días en bicicleta por la Carretera Austral Norte,,2.375.000 CL$,Sin valorar,,https://www.civitatis.com/es/puerto-varas/11-dias-bicicleta-carretera-austral-norte/,Civitatis,2026-02-02 16:11
CLP,Chile,Llanquihue,"Cascada La Escondida, Coihue de los Columpios y Cochamó",,49.000 CL$,5 opiniones,79 viajeros,https://www.civitatis.com/es/puerto-varas/cascada-escondida-coihue-columpios-cochamo/,Civitatis,2026-02-02 16:11
CLP,Chile,Llanquihue,Tour privado por Puerto Varas y Puerto Montt,,142.787 CL$,2 opiniones,90 viajeros,https://www.civitatis.com/es/puerto-varas/tour-privado-puerto-varas-puerto-montt/,Civitatis,2026-02-02 16:11
CLP,Chile,Olmué,Senderismo por el Parque Nacional La Campana,,61.250 CL$,3 opiniones,11 viajeros,https://www.civitatis.com/es/olmue/senderismo-parque-campana/,Civitatis,2026-02-02 16:11
CLP,Chile,Olmué,Tour por el Parque Nacional La Campana con 2 noches de alojamiento,,158.000 CL$,Sin valorar,,https://www.civitatis.com/es/olmue/tour-parque-campana/,Civitatis,2026-02-02 16:11
CLP,Chile,Olmué,Tarjeta eSIM Civitatis Chile,,"4.607,08 CL$",41 opiniones,821 viajeros,https://www.civitatis.com/es/tarjeta-esim-chile/,Civitatis,2026-02-02 16:11
CLP,Chile,Caleta Chañaral,Paseo en barco por la isla Chañaral con avistamiento de ballenas y delfines,,29.990 CL$,Sin valorar,,https://www.civitatis.com/es/caleta-chanaral/paseo-barco-isla-chanaral/,Civitatis,2026-02-02 16:11
CLP,Chile,Caleta Chañaral,Tarjeta eSIM Civitatis Chile,,"4.607,08 CL$",41 opiniones,821 viajeros,https://www.civitatis.com/es/tarjeta-esim-chile/,Civitatis,2026-02-02 16:11
